LastUpdate;Name;PriceBTC;PriceEUR;PriceUSD;1HChange;MaxSupply
1519374269;Bitcoin;1.0;8116.707137;10007.9;0.27;21000000.0
1519374568;Bitcoin;1.0;8122.870965;10015.5;0.33;21000000.0
1519374568;Bitcoin;1.0;8122.870965;10015.5;0.33;21000000.0
1519374868;Bitcoin;1.0;8133.900973;10029.1;0.42;21000000.0
1519375168;Bitcoin;1.0;8130.251338;10024.6;0.35;21000000.0
1519375467;Bitcoin;1.0;8139.902595;10036.5;0.46;21000000.0
1519375768;Bitcoin;1.0;8162.692538;10064.6;0.68;21000000.0
1519376067;Bitcoin;1.0;8169.180778;10072.6;0.67;21000000.0
1519376367;Bitcoin;1.0;8159.77283;10061.0;0.52;21000000.0
1519376667;Bitcoin;1.0;8172.830413;10077.1;0.57;21000000.0
1519376969;Bitcoin;1.0;8191.889618;10100.6;0.75;21000000.0
1519377268;Bitcoin;1.0;8201.865287;10112.9;0.85;21000000.0
1519377567;Bitcoin;1.0;8198.296755;10108.5;0.81;21000000.0
1519377868;Bitcoin;1.0;8190.429764;10098.8;0.74;21000000.0
1519378168;Bitcoin;1.0;8188.077777;10095.9;0.7;21000000.0
1519378468;Bitcoin;1.0;8187.428953;10095.1;0.66;21000000.0
1519378767;Bitcoin;1.0;8228.223762;10145.4;1.09;21000000.0
1519379068;Bitcoin;1.0;8257.501945;10181.5;1.37;21000000.0
1519379367;Bitcoin;1.0;8297.810136;10231.2;1.78;21000000.0
1519379667;Bitcoin;1.0;8322.708757;10261.9;2.05;21000000.0
1519379968;Bitcoin;1.0;8327.007216;10267.2;1.84;21000000.0
1519380267;Bitcoin;1.0;8303.000728;10237.6;1.51;21000000.0
1519380568;Bitcoin;1.0;8323.681993;10263.1;1.68;21000000.0
1519380867;Bitcoin;1.0;8339.983696;10283.2;1.88;21000000.0
1519381168;Bitcoin;1.0;8342.335683;10286.1;1.82;21000000.0
1519381468;Bitcoin;1.0;8311.922058;10248.6;1.39;21000000.0
1519381768;Bitcoin;1.0;8300.324329;10234.3;1.13;21000000.0
1519382068;Bitcoin;1.0;8308.272423;10244.1;1.01;21000000.0
1519382369;Bitcoin;1.0;8300.973153;10235.1;0.66;21000000.0
1519382667;Bitcoin;1.0;8284.184832;10214.4;0.45;21000000.0
1519382966;Bitcoin;1.0;8264.314597;10189.9;-0.07;21000000.0
1519383266;Bitcoin;1.0;8213.625222;10127.4;-0.91;21000000.0
1519383567;Bitcoin;1.0;8212.084265;10125.5;-1.18;21000000.0
1519383868;Bitcoin;1.0;8215.409488;10129.6;-1.33;21000000.0
1519384168;Bitcoin;1.0;8228.467071;10145.7;-1.16;21000000.0
1519384468;Bitcoin;1.0;8255.47437;10179.0;-0.79;21000000.0
1519384767;Bitcoin;1.0;8268.207541;10194.7;-0.63;21000000.0
1519385066;Bitcoin;1.0;8287.996673;10219.1;-0.4;21000000.0
1519385367;Bitcoin;1.0;8301.865286;10236.2;-0.13;21000000.0
1519385668;Bitcoin;1.0;8289.213218;10220.6;-0.15;21000000.0
1519385968;Bitcoin;1.0;8287.266746;10218.2;0.05;21000000.0
1519386268;Bitcoin;1.0;8314.517354;10251.8;0.55;21000000.0
1519386568;Bitcoin;1.0;8361.7193;10310.0;1.27;21000000.0
1519386868;Bitcoin;1.0;8362.935845;10311.5;1.42;21000000.0
1519387167;Bitcoin;1.0;8365.206729;10314.3;1.56;21000000.0
1519387467;Bitcoin;1.0;8414.453628;10350.9;1.98;21000000.0
1519387767;Bitcoin;1.0;8399.90236;10333.0;1.65;21000000.0
1519388067;Bitcoin;1.0;8400.227528;10333.4;1.55;21000000.0
1519388368;Bitcoin;1.0;8383.725252;10313.1;1.22;21000000.0
1519388667;Bitcoin;1.0;8396.000344;10328.2;1.26;21000000.0
1519388968;Bitcoin;1.0;8389.496984;10320.2;1.01;21000000.0
1519389268;Bitcoin;1.0;8375.839928;10303.4;0.59;21000000.0
1519389568;Bitcoin;1.0;8348.850984;10270.2;0.12;21000000.0
1519389868;Bitcoin;1.0;8344.948968;10265.4;-0.06;21000000.0
1519390167;Bitcoin;1.0;8366.410056;10291.8;0.09;21000000.0
1519389868;Bitcoin;1.0;8344.948968;10265.4;-0.06;21000000.0
1519390167;Bitcoin;1.0;8366.410056;10291.8;0.09;21000000.0
1519390467;Bitcoin;1.0;8390.309904;10321.2;0.22;21000000.0
1519390767;Bitcoin;1.0;8414.778796;10351.3;0.35;21000000.0
1519391067;Bitcoin;1.0;8414.697504;10351.2;0.25;21000000.0
1519391366;Bitcoin;1.0;8400.471404;10333.7;0.07;21000000.0
1519391667;Bitcoin;1.0;8402.910164;10336.7;0.08;21000000.0
1519391967;Bitcoin;1.0;8402.910164;10336.7;0.07;21000000.0
1519392268;Bitcoin;1.0;8421.688616;10359.8;0.47;21000000.0
1519392567;Bitcoin;1.0;8420.875696;10358.8;0.46;21000000.0
1519392868;Bitcoin;1.0;8411.608408;10347.4;0.47;21000000.0
1519393168;Bitcoin;1.0;8393.968044;10325.7;0.29;21000000.0
1519393468;Bitcoin;1.0;8403.15404;10337.0;0.33;21000000.0
1519393769;Bitcoin;1.0;8395.675176;10327.8;0.19;21000000.0
1519394067;Bitcoin;1.0;8394.130628;10325.9;0.13;21000000.0
1519394367;Bitcoin;1.0;8391.122824;10322.2;0.01;21000000.0
1519394667;Bitcoin;1.0;8421.363448;10359.4;0.27;21000000.0
1519394968;Bitcoin;1.0;8462.90366;10410.5;0.63;21000000.0
1519395268;Bitcoin;1.0;8490.9494;10445.0;0.96;21000000.0
1519395567;Bitcoin;1.0;8511.191108;10469.9;1.2;21000000.0
1519395868;Bitcoin;1.0;8500.70444;10457.0;1.09;21000000.0
1519396167;Bitcoin;1.0;8505.744544;10463.2;1.15;21000000.0
1519396467;Bitcoin;1.0;8515.580876;10475.3;1.27;21000000.0
1519396769;Bitcoin;1.0;8518.507388;10478.9;1.37;21000000.0
1519397069;Bitcoin;1.0;8525.335916;10487.3;1.51;21000000.0
1519397368;Bitcoin;1.0;8510.134312;10468.6;1.29;21000000.0
1519397667;Bitcoin;1.0;8499.89152;10456.0;1.19;21000000.0
1519397968;Bitcoin;1.0;8478.023972;10429.1;0.66;21000000.0
1519398268;Bitcoin;1.0;8481.113068;10432.9;0.51;21000000.0
1519398568;Bitcoin;1.0;8489.648728;10443.4;0.31;21000000.0
1519398868;Bitcoin;1.0;8484.771208;10437.4;0.03;21000000.0
1519399168;Bitcoin;1.0;8477.12976;10428.0;-0.24;21000000.0
1519399468;Bitcoin;1.0;8478.999476;10430.3;-0.22;21000000.0
1519399767;Bitcoin;1.0;8471.84578;10421.5;-0.41;21000000.0
1519400068;Bitcoin;1.0;8466.480508;10414.9;-0.54;21000000.0
1519400369;Bitcoin;1.0;8458.83906;10405.5;-0.63;21000000.0
1519400668;Bitcoin;1.0;8453.717664;10399.2;-0.64;21000000.0
1519400968;Bitcoin;1.0;8475.09746;10425.5;-0.32;21000000.0
1519401267;Bitcoin;1.0;8478.105264;10429.2;-0.28;21000000.0
1519401568;Bitcoin;1.0;8486.559632;10439.6;-0.11;21000000.0
1519401869;Bitcoin;1.0;8465.911464;10414.2;-0.23;21000000.0
1519402167;Bitcoin;1.0;8451.52278;10396.5;-0.4;21000000.0
1519402468;Bitcoin;1.0;8461.928156;10409.3;-0.22;21000000.0
1519402768;Bitcoin;1.0;8441.279988;10383.9;-0.44;21000000.0
1519403066;Bitcoin;1.0;8417.298848;10354.4;-0.72;21000000.0
1519403368;Bitcoin;1.0;8369.905612;10296.1;-1.19;21000000.0
1519403667;Bitcoin;1.0;8325.11372;10241.0;-1.7;21000000.0
1519403969;Bitcoin;1.0;8304.465552;10215.6;-1.92;21000000.0
1519404268;Bitcoin;1.0;8321.130412;10236.1;-1.75;21000000.0
1519404568;Bitcoin;1.0;8321.45558;10236.5;-1.75;21000000.0
1519404868;Bitcoin;1.0;8328.202816;10244.8;-1.64;21000000.0
1519405169;Bitcoin;1.0;8315.439972;10229.1;-1.82;21000000.0
1519405468;Bitcoin;1.0;8306.0101;10217.5;-1.87;21000000.0
1519405768;Bitcoin;1.0;8323.000128;10238.4;-1.55;21000000.0
1519406068;Bitcoin;1.0;8326.495684;10242.7;-1.37;21000000.0
1519406368;Bitcoin;1.0;8326.495684;10242.7;-1.1;21000000.0
1519406670;Bitcoin;1.0;8315.602556;10229.3;-0.85;21000000.0
1519406968;Bitcoin;1.0;8304.79072;10216.0;-0.87;21000000.0
1519407268;Bitcoin;1.0;8290.320744;10198.2;-0.8;21000000.0
1519407568;Bitcoin;1.0;8306.41656;10218.0;-0.26;21000000.0
1519407868;Bitcoin;1.0;8311.537956;10224.3;-0.2;21000000.0
1519408167;Bitcoin;1.0;8308.774028;10220.9;-0.13;21000000.0
1519408468;Bitcoin;1.0;8314.54576;10228.0;-0.03;21000000.0
1519408767;Bitcoin;1.0;8323.6552673;10236.7;0.03;21000000.0
1519409068;Bitcoin;1.0;8330.3228431;10244.9;0.09;21000000.0
1519409369;Bitcoin;1.0;8357.6436415;10278.5;0.43;21000000.0
1519409668;Bitcoin;1.0;8380.6549092;10306.8;0.74;21000000.0
1519409968;Bitcoin;1.0;8400.332389;10331.0;1.02;21000000.0
1519410269;Bitcoin;1.0;8398.4622153;10328.7;1.02;21000000.0
1519410568;Bitcoin;1.0;8398.706151;10329.0;1.02;21000000.0
1519410870;Bitcoin;1.0;8399.51927;10330.0;1.1;21000000.0
1519411169;Bitcoin;1.0;8384.7205042;10311.8;0.91;21000000.0
1519411469;Bitcoin;1.0;8368.7020599;10292.1;0.7;21000000.0
1519411767;Bitcoin;1.0;8354.8790369;10275.1;0.53;21000000.0
1519412068;Bitcoin;1.0;8367.9702528;10291.2;0.61;21000000.0
1519412368;Bitcoin;1.0;8386.1028065;10313.5;0.63;21000000.0
1519412668;Bitcoin;1.0;8396.9986011;10326.9;0.54;21000000.0
1519412968;Bitcoin;1.0;8402.6904341;10333.9;0.61;21000000.0
1519413266;Bitcoin;1.0;8398.8687748;10329.2;0.4;21000000.0
1519413569;Bitcoin;1.0;8386.0214946;10313.4;-0.01;21000000.0
1519413867;Bitcoin;1.0;8380.8988449;10307.1;-0.1;21000000.0
1519414168;Bitcoin;1.0;8379.3539188;10305.2;-0.17;21000000.0
1519414468;Bitcoin;1.0;8354.3911655;10274.5;-0.38;21000000.0
1519414768;Bitcoin;1.0;8318.6952414;10230.6;-0.75;21000000.0
1519415068;Bitcoin;1.0;8297.5541474;10204.6;-0.98;21000000.0
1519415369;Bitcoin;1.0;8297.2288998;10204.2;-0.99;21000000.0
1519415669;Bitcoin;1.0;8293.8951119;10200.1;-1.03;21000000.0
1519415968;Bitcoin;1.0;8294.4642952;10200.8;-1.05;21000000.0
1519416269;Bitcoin;1.0;8258.849683;10157.0;-1.56;21000000.0
1519416569;Bitcoin;1.0;8217.1366783;10105.7;-2.08;21000000.0
1519416869;Bitcoin;1.0;8192.987044;10076.0;-2.36;21000000.0
1519417168;Bitcoin;1.0;8185.668973;10067.0;-2.38;21000000.0
1519417467;Bitcoin;1.0;8178.5135258;10058.2;-2.45;21000000.0
1519417768;Bitcoin;1.0;8192.173925;10075.0;-1.92;21000000.0
1519418069;Bitcoin;1.0;8195.8329605;10079.5;-1.79;21000000.0
1519418368;Bitcoin;1.0;8195.2637772;10078.8;-1.61;21000000.0
1519418668;Bitcoin;1.0;8202.5818482;10087.8;-1.4;21000000.0
1519418969;Bitcoin;1.0;8206.7287551;10092.9;-1.05;21000000.0
1519419270;Bitcoin;1.0;8204.8585814;10090.6;-0.87;21000000.0
1519419568;Bitcoin;1.0;8218.5189806;10107.4;-0.7;21000000.0
1519419869;Bitcoin;1.0;8233.642994;10126.0;-0.08;21000000.0
1519420169;Bitcoin;1.0;8221.1209614;10110.6;-0.13;21000000.0
1519420469;Bitcoin;1.0;8215.754376;10104.0;0.14;21000000.0
1519420770;Bitcoin;1.0;8205.9156361;10091.9;0.15;21000000.0
1519421068;Bitcoin;1.0;8214.128138;10102.0;0.25;21000000.0
1519421368;Bitcoin;1.0;8226.7314825;10117.5;0.43;21000000.0
1519421669;Bitcoin;1.0;8230.1465823;10121.7;0.43;21000000.0
1519421970;Bitcoin;1.0;8221.2022733;10110.7;0.26;21000000.0
1519422268;Bitcoin;1.0;8225.5931159;10116.1;0.28;21000000.0
1519422569;Bitcoin;1.0;8223.885566;10114.0;0.19;21000000.0
1519422867;Bitcoin;1.0;8210.7130382;10097.8;0.01;21000000.0
1519423166;Bitcoin;1.0;8192.6617964;10075.6;-0.27;21000000.0
1519423469;Bitcoin;1.0;8185.9129087;10067.3;-0.38;21000000.0
1519423768;Bitcoin;1.0;8200.0611793;10084.7;-0.2;21000000.0
1519424067;Bitcoin;1.0;8212.4205881;10099.9;-0.07;21000000.0
1519424368;Bitcoin;1.0;8228.3577205;10119.5;0.11;21000000.0
1519424669;Bitcoin;1.0;8245.5958433;10140.7;0.32;21000000.0
1519424969;Bitcoin;1.0;8246.8968337;10142.3;0.33;21000000.0
1519425270;Bitcoin;1.0;8254.2962166;10151.4;0.4;21000000.0
1519425567;Bitcoin;1.0;8255.597207;10153.0;0.41;21000000.0
1519425868;Bitcoin;1.0;8259.9067377;10158.3;0.5;21000000.0
1519426168;Bitcoin;1.0;8279.2589699;10182.1;0.75;21000000.0
1519426467;Bitcoin;1.0;8296.4157808;10203.2;1.05;21000000.0
1519426769;Bitcoin;1.0;8327.6395504;10241.6;1.5;21000000.0
1519427067;Bitcoin;1.0;8334.9576214;10250.6;1.59;21000000.0
1519427368;Bitcoin;1.0;8355.610844;10276.0;1.85;21000000.0
1519427667;Bitcoin;1.0;8351.2200014;10270.6;1.67;21000000.0
1519427968;Bitcoin;1.0;8343.0888114;10260.6;1.5;21000000.0
1519428267;Bitcoin;1.0;8340.7307663;10257.7;1.29;21000000.0
1519428570;Bitcoin;1.0;8351.2200014;10270.6;1.25;21000000.0
1519428867;Bitcoin;1.0;8364.8804006;10287.4;1.41;21000000.0
1519429168;Bitcoin;1.0;8366.1000791;10288.9;1.25;21000000.0
1519429469;Bitcoin;1.0;8378.378176;10304.0;1.26;21000000.0
1519429768;Bitcoin;1.0;8391.6320157;10320.3;1.26;21000000.0
1519430068;Bitcoin;1.0;8380.7362211;10306.9;0.86;21000000.0
1519430367;Bitcoin;1.0;8376.0201309;10301.1;0.73;21000000.0
1519430670;Bitcoin;1.0;8366.677779;10287.7;0.36;21000000.0
1519430968;Bitcoin;1.0;8371.638726;10293.8;0.33;21000000.0
1519431269;Bitcoin;1.0;8390.262609;10316.7;0.56;21000000.0
1519431567;Bitcoin;1.0;8438.326866;10375.8;1.05;21000000.0
1519431867;Bitcoin;1.0;8452.396437;10393.1;1.19;21000000.0
1519432168;Bitcoin;1.0;8471.02032;10416.0;1.39;21000000.0
1519432467;Bitcoin;1.0;8456.218806;10397.8;1.16;21000000.0
1519432767;Bitcoin;1.0;8495.743728;10446.4;1.54;21000000.0
1519433067;Bitcoin;1.0;8479.315674;10426.2;1.25;21000000.0
1519433367;Bitcoin;1.0;8487.773682;10436.6;1.31;21000000.0
1519433670;Bitcoin;1.0;8502.493869;10454.7;1.48;21000000.0
1519433967;Bitcoin;1.0;8493.954534;10444.2;1.38;21000000.0
1519434269;Bitcoin;1.0;8491.758705;10441.5;1.24;21000000.0
1519434568;Bitcoin;1.0;8475.574632;10421.6;0.94;21000000.0
1519434870;Bitcoin;1.0;8452.233783;10392.9;0.44;21000000.0
1519435169;Bitcoin;1.0;8453.697669;10394.7;0.39;21000000.0
1519435469;Bitcoin;1.0;8465.652738;10409.4;0.18;21000000.0
1519435768;Bitcoin;1.0;8469.800415;10414.5;0.18;21000000.0
1519436067;Bitcoin;1.0;8468.661837;10413.1;-0.0;21000000.0
1519436369;Bitcoin;1.0;8464.351506;10407.8;-0.16;21000000.0
1519436667;Bitcoin;1.0;8470.451031;10415.3;-0.16;21000000.0
1519436968;Bitcoin;1.0;8477.851788;10424.4;-0.17;21000000.0
1519437268;Bitcoin;1.0;8478.095769;10424.7;-0.12;21000000.0
1519437567;Bitcoin;1.0;8490.376146;10439.8;0.02;21000000.0
1519437868;Bitcoin;1.0;8521.44306;10478.0;0.45;21000000.0
1519438168;Bitcoin;1.0;8554.705803;10518.9;0.9;21000000.0
1519438468;Bitcoin;1.0;8563.001157;10529.1;1.12;21000000.0
1519438769;Bitcoin;1.0;8563.407792;10529.6;1.12;21000000.0
1519439069;Bitcoin;1.0;8560.48002;10526.0;1.16;21000000.0
1519439368;Bitcoin;1.0;8583.332907;10554.1;1.42;21000000.0
1519439668;Bitcoin;1.0;8586.016698;10557.4;1.4;21000000.0
1519439968;Bitcoin;1.0;8576.664093;10545.9;1.25;21000000.0
1519440267;Bitcoin;1.0;8566.010256;10532.8;1.08;21000000.0
1519440567;Bitcoin;1.0;8577.070728;10546.4;1.21;21000000.0
1519440869;Bitcoin;1.0;8575.444188;10544.4;0.96;21000000.0
1519441168;Bitcoin;1.0;8580.405135;10550.5;0.78;21000000.0
1519441467;Bitcoin;1.0;8566.660872;10533.6;0.62;21000000.0
1519441769;Bitcoin;1.0;8541.286848;10502.4;-0.01;21000000.0
1519442069;Bitcoin;1.0;8531.2023;10490.0;-0.31;21000000.0
1519442369;Bitcoin;1.0;8528.925144;10487.2;-0.46;21000000.0
1519442668;Bitcoin;1.0;8541.124194;10502.2;-0.33;21000000.0
1519442968;Bitcoin;1.0;8515.099554;10470.2;-0.66;21000000.0
1519443268;Bitcoin;1.0;8503.307139;10455.7;-0.82;21000000.0
1519443568;Bitcoin;1.0;8502.981831;10455.3;-0.84;21000000.0
1519443869;Bitcoin;1.0;8520.060501;10476.3;-0.66;21000000.0
1519444168;Bitcoin;1.0;8515.668843;10470.9;-0.7;21000000.0
1519444468;Bitcoin;1.0;8533.804764;10493.2;-0.46;21000000.0
1519444766;Bitcoin;1.0;8553.567225;10517.5;-0.17;21000000.0
1519445068;Bitcoin;1.0;8571.133857;10539.1;0.14;21000000.0
1519445369;Bitcoin;1.0;8587.724565;10559.5;0.42;21000000.0
1519445667;Bitcoin;1.0;8611.146741;10588.3;0.74;21000000.0
1519445968;Bitcoin;1.0;8613.749205;10591.5;1.02;21000000.0
1519446268;Bitcoin;1.0;8612.366646;10589.8;1.04;21000000.0
1519446569;Bitcoin;1.0;8595.938592;10569.6;0.89;21000000.0
1519446867;Bitcoin;1.0;8584.959447;10556.1;0.78;21000000.0
1519447168;Bitcoin;1.0;8585.284755;10556.5;0.78;21000000.0
1519447468;Bitcoin;1.0;8585.040774;10556.2;0.76;21000000.0
1519447769;Bitcoin;1.0;8584.308831;10555.3;0.6;21000000.0
1519448068;Bitcoin;1.0;8582.926272;10553.6;0.42;21000000.0
1519448367;Bitcoin;1.0;8563.570446;10529.8;0.09;21000000.0
1519448668;Bitcoin;1.0;8556.007035;10520.5;-0.16;21000000.0
1519448968;Bitcoin;1.0;8548.768932;10511.6;-0.4;21000000.0
1519449270;Bitcoin;1.0;8555.437746;10519.8;-0.5;21000000.0
1519449567;Bitcoin;1.0;8558.446845;10523.5;-0.45;21000000.0
1519449867;Bitcoin;1.0;8561.862579;10527.7;-0.46;21000000.0
1519450167;Bitcoin;1.0;8554.868457;10519.1;-0.53;21000000.0
1519450468;Bitcoin;1.0;8552.672628;10516.4;-0.51;21000000.0
1519450767;Bitcoin;1.0;8553.567225;10517.5;-0.44;21000000.0
1519451067;Bitcoin;1.0;8559.097461;10524.3;-0.28;21000000.0
1519451367;Bitcoin;1.0;8582.356983;10552.9;0.02;21000000.0
1519451668;Bitcoin;1.0;8581.462386;10551.8;0.11;21000000.0
1519451969;Bitcoin;1.0;8589.675222;10560.6;0.25;21000000.0
1519452268;Bitcoin;1.0;8573.489159;10540.7;0.1;21000000.0
1519452567;Bitcoin;1.0;8619.444564;10597.2;0.67;21000000.0
1519452867;Bitcoin;1.0;8598.296944;10571.2;0.47;21000000.0
1519453168;Bitcoin;1.0;8607.488025;10582.5;0.6;21000000.0
1519453467;Bitcoin;1.0;8580.402804;10549.2;0.28;21000000.0
1519453769;Bitcoin;1.0;8582.68024;10552.0;0.29;21000000.0
1519454070;Bitcoin;1.0;8542.82511;10503.0;-0.22;21000000.0
1519454368;Bitcoin;1.0;8483.855785;10430.5;-0.95;21000000.0
1519454668;Bitcoin;1.0;8424.642449;10357.7;-1.66;21000000.0
1519454967;Bitcoin;1.0;8397.882576;10324.8;-2.02;21000000.0
1519455268;Bitcoin;1.0;8382.753894;10306.2;-2.35;21000000.0
1519455568;Bitcoin;1.0;8373.725487;10295.1;-2.53;21000000.0
1519455868;Bitcoin;1.0;8341.434698;10255.4;-2.95;21000000.0
1519456168;Bitcoin;1.0;8310.282627;10217.1;-3.29;21000000.0
1519456468;Bitcoin;1.0;8258.796306;10153.8;-3.91;21000000.0
1519456768;Bitcoin;1.0;8236.672642;10126.6;-4.15;21000000.0
1519457069;Bitcoin;1.0;8232.849803;10121.9;-3.89;21000000.0
1519457368;Bitcoin;1.0;8241.87821;10133.0;-3.46;21000000.0
1519457666;Bitcoin;1.0;8250.093247;10143.1;-3.36;21000000.0
1519457967;Bitcoin;1.0;8261.480427;10157.1;-2.83;21000000.0
1519458267;Bitcoin;1.0;8289.297681;10191.3;-2.12;21000000.0
1519458567;Bitcoin;1.0;8293.93389;10197.0;-1.66;21000000.0
1519458868;Bitcoin;1.0;8300.278176;10204.8;-1.04;21000000.0
1519459167;Bitcoin;1.0;8313.536107;10221.1;-0.7;21000000.0
1519459468;Bitcoin;1.0;8307.435832;10213.6;-0.12;21000000.0
1519459767;Bitcoin;1.0;8305.890429;10211.7;-0.14;21000000.0
1519460067;Bitcoin;1.0;8275.958413;10174.9;-0.2;21000000.0
1519460367;Bitcoin;1.0;8271.322204;10169.2;0.05;21000000.0
1519460666;Bitcoin;1.0;8254.810793;10148.9;-0.0;21000000.0
1519460966;Bitcoin;1.0;8238.462056;10128.8;-0.1;21000000.0
1519461268;Bitcoin;1.0;8260.667057;10156.1;0.03;21000000.0
1519461567;Bitcoin;1.0;8266.604658;10163.4;0.06;21000000.0
1519461866;Bitcoin;1.0;8274.006325;10172.5;0.01;21000000.0
1519462167;Bitcoin;1.0;8268.231398;10165.4;-0.28;21000000.0
1519462468;Bitcoin;1.0;8258.470958;10153.4;-0.52;21000000.0
1519462767;Bitcoin;1.0;8249.605225;10142.5;-0.58;21000000.0
1519463068;Bitcoin;1.0;8276.365098;10175.4;-0.23;21000000.0
1519463367;Bitcoin;1.0;8291.819128;10194.4;0.02;21000000.0
1519463667;Bitcoin;1.0;8302.148927;10207.1;0.26;21000000.0
1519463967;Bitcoin;1.0;8311.584019;10218.7;0.43;21000000.0
1519464266;Bitcoin;1.0;8308.57455;10215.0;0.49;21000000.0
1519464565;Bitcoin;1.0;8306.459788;10212.4;0.55;21000000.0
1519464867;Bitcoin;1.0;8315.650869;10223.7;0.65;21000000.0
1519465167;Bitcoin;1.0;8327.363397;10238.1;0.8;21000000.0
1519465465;Bitcoin;1.0;8323.133873;10232.9;0.75;21000000.0
1519465767;Bitcoin;1.0;8318.090979;10226.7;0.67;21000000.0
1519466066;Bitcoin;1.0;8315.650869;10223.7;0.61;21000000.0
1519466367;Bitcoin;1.0;8293.12052;10196.0;0.23;21000000.0
1519466666;Bitcoin;1.0;8233.419162;10122.6;-0.5;21000000.0
1519466966;Bitcoin;1.0;8161.029232;10033.6;-1.5;21000000.0
1519467267;Bitcoin;1.0;8113.284413;9974.9;-2.16;21000000.0
1519467567;Bitcoin;1.0;8082.2787486;9936.78;-2.64;21000000.0
1519467867;Bitcoin;1.0;8063.262158;9913.4;-2.96;21000000.0
1519468168;Bitcoin;1.0;8066.1170867;9916.91;-3.0;21000000.0
1519468467;Bitcoin;1.0;8039.3246789;9883.97;-3.33;21000000.0
1519468767;Bitcoin;1.0;8024.1959969;9865.37;-3.53;21000000.0
1519469067;Bitcoin;1.0;8005.5698239;9842.47;-3.73;21000000.0
1519469366;Bitcoin;1.0;8025.6275281;9867.13;-3.35;21000000.0
1519469666;Bitcoin;1.0;8048.1822782;9894.86;-2.82;21000000.0
1519469967;Bitcoin;1.0;8049.4511354;9896.42;-2.3;21000000.0
1519470267;Bitcoin;1.0;8048.4913588;9895.24;-2.05;21000000.0
1519470567;Bitcoin;1.0;8018.6650809;9858.57;-1.7;21000000.0
1519470866;Bitcoin;1.0;8013.9394012;9852.76;-1.76;21000000.0
1519471168;Bitcoin;1.0;8004.3660363;9840.99;-1.03;21000000.0
1519471466;Bitcoin;1.0;8008.8965072;9846.56;-0.97;21000000.0
1519471766;Bitcoin;1.0;8018.1038556;9857.88;-0.58;21000000.0
1519472067;Bitcoin;1.0;8028.0269696;9870.08;-0.2;21000000.0
1519472368;Bitcoin;1.0;8041.2035636;9886.28;0.08;21000000.0
1519472666;Bitcoin;1.0;8046.2545913;9892.49;0.14;21000000.0
1519472967;Bitcoin;1.0;8065.8730757;9916.61;0.39;21000000.0
1519473267;Bitcoin;1.0;8065.0922405;9915.65;0.42;21000000.0
1519473566;Bitcoin;1.0;8071.0298415;9922.95;0.51;21000000.0
1519473867;Bitcoin;1.0;8029.29515778;9873.63;-0.06;21000000.0
1519474167;Bitcoin;1.0;8015.9748435;9857.25;-0.08;21000000.0
1519474467;Bitcoin;1.0;8004.28094122;9842.87;-0.21;21000000.0
1519474766;Bitcoin;1.0;8023.35875398;9866.33;0.08;21000000.0
1519475066;Bitcoin;1.0;8030.52309884;9875.14;0.21;21000000.0
1519475367;Bitcoin;1.0;8034.05241288;9879.48;0.14;21000000.0
1519475667;Bitcoin;1.0;8027.08323746;9870.91;-0.02;21000000.0
1519475967;Bitcoin;1.0;8018.04038674;9859.79;-0.3;21000000.0
1519476267;Bitcoin;1.0;8039.03736566;9885.61;-0.15;21000000.0
1519476567;Bitcoin;1.0;8055.09818416;9905.36;0.09;21000000.0
1519476867;Bitcoin;1.0;8057.8142922;9908.7;0.14;21000000.0
1519477166;Bitcoin;1.0;8054.6427888;9904.8;0.08;21000000.0
1519477467;Bitcoin;1.0;8037.98832992;9884.32;-0.01;21000000.0
1519477768;Bitcoin;1.0;8032.06819024;9877.04;0.04;21000000.0
1519478067;Bitcoin;1.0;7978.49417896;9811.16;-0.55;21000000.0
1519478367;Bitcoin;1.0;7966.38554162;9796.27;-0.71;21000000.0
1519478669;Bitcoin;1.0;7946.94991822;9772.37;-0.95;21000000.0
1519478967;Bitcoin;1.0;7943.20917062;9767.77;-1.02;21000000.0
1519479268;Bitcoin;1.0;7916.48722146;9734.91;-1.46;21000000.0
1519479568;Bitcoin;1.0;7911.32336336;9728.56;-1.58;21000000.0
1519479868;Bitcoin;1.0;7922.81396414;9742.69;-1.48;21000000.0
1519480167;Bitcoin;1.0;7931.7267019;9753.65;-1.36;21000000.0
1519480469;Bitcoin;1.0;7957.22071;9785.0;-1.1;21000000.0
1519480767;Bitcoin;1.0;7947.8281807;9773.45;-1.1;21000000.0
1519481068;Bitcoin;1.0;7938.34619874;9761.79;-1.03;21000000.0
1519481370;Bitcoin;1.0;7934.75182822;9757.37;-0.85;21000000.0
1519481667;Bitcoin;1.0;7960.08319512;9788.52;-0.3;21000000.0
1519481968;Bitcoin;1.0;7999.9546853;9837.55;0.45;21000000.0
1519482269;Bitcoin;1.0;8008.30631092;9847.82;0.81;21000000.0
1519482568;Bitcoin;1.0;8036.65467208;9882.68;1.29;21000000.0
1519482868;Bitcoin;1.0;8059.04223326;9910.21;1.64;21000000.0
1519483169;Bitcoin;1.0;8029.60417606;9874.01;1.22;21000000.0
1519483469;Bitcoin;1.0;8026.83927566;9870.61;1.21;21000000.0
1519483770;Bitcoin;1.0;8037.4434819;9883.65;1.29;21000000.0
1519484069;Bitcoin;1.0;8033.32052748;9878.58;1.18;21000000.0
1519484370;Bitcoin;1.0;8036.9555583;9883.05;1.16;21000000.0
1519484669;Bitcoin;1.0;8044.8436565;9892.75;1.11;21000000.0
1519484968;Bitcoin;1.0;8025.87156052;9869.42;0.87;21000000.0
1519485268;Bitcoin;1.0;8042.96515064;9890.44;0.79;21000000.0
1519485569;Bitcoin;1.0;8060.76622998;9912.33;0.76;21000000.0
1519485867;Bitcoin;1.0;8060.53040024;9912.04;0.76;21000000.0
1519486169;Bitcoin;1.0;8062.83177322;9914.87;0.45;21000000.0
1519486467;Bitcoin;1.0;8058.51364936;9909.56;0.4;21000000.0
1519486768;Bitcoin;1.0;8041.0215883;9888.05;0.1;21000000.0
1519487069;Bitcoin;1.0;8024.91197744;9868.24;-0.15;21000000.0
1519487368;Bitcoin;1.0;8037.92327344;9884.24;0.01;21000000.0
1519487668;Bitcoin;1.0;8034.86561888;9880.48;0.02;21000000.0
1519487969;Bitcoin;1.0;8034.42648764;9879.94;-0.01;21000000.0
1519488268;Bitcoin;1.0;8000.25557152;9837.92;-0.46;21000000.0
1519488569;Bitcoin;1.0;8009.5505161;9849.35;-0.42;21000000.0
1519488867;Bitcoin;1.0;7951.99179542;9778.57;-1.16;21000000.0
1519489168;Bitcoin;1.0;7971.40302264;9802.44;-0.99;21000000.0
1519489468;Bitcoin;1.0;7986.64250308;9821.18;-0.79;21000000.0
1519489767;Bitcoin;1.0;7983.43033938;9817.23;-0.88;21000000.0
1519490070;Bitcoin;1.0;8011.24198458;9851.43;-0.45;21000000.0
1519490368;Bitcoin;1.0;8010.55889154;9850.59;-0.41;21000000.0
1519490667;Bitcoin;1.0;8033.67833812;9879.02;-0.12;21000000.0
1519490968;Bitcoin;1.0;8041.93237902;9889.17;0.16;21000000.0
1519491270;Bitcoin;1.0;8037.9314055;9884.25;0.18;21000000.0
1519491568;Bitcoin;1.0;8046.93359592;9895.32;0.42;21000000.0
1519491867;Bitcoin;1.0;8045.56740984;9893.64;0.43;21000000.0
1519492167;Bitcoin;1.0;8031.35256896;9876.16;0.39;21000000.0
1519492467;Bitcoin;1.0;8037.93953756;9884.26;0.59;21000000.0
1519492768;Bitcoin;1.0;8022.47235944;9865.24;0.48;21000000.0
1519493067;Bitcoin;1.0;8003.02047192;9841.32;0.22;21000000.0
1519493368;Bitcoin;1.0;8003.96379088;9842.48;0.06;21000000.0
1519493668;Bitcoin;1.0;7983.243302;9817.0;-0.28;21000000.0
1519493968;Bitcoin;1.0;7977.1035967;9809.45;-0.43;21000000.0
1519494268;Bitcoin;1.0;7968.05261392;9798.32;-0.78;21000000.0
1519494569;Bitcoin;1.0;7965.1901288;9794.8;-0.84;21000000.0
1519494867;Bitcoin;1.0;7962.27885132;9791.22;-0.91;21000000.0
1519495168;Bitcoin;1.0;7958.9691029;9787.15;-1.01;21000000.0
1519495467;Bitcoin;1.0;7961.18173353;9788.27;-1.0;21000000.0
1519495769;Bitcoin;1.0;7961.48266896;9788.64;-0.9;21000000.0
1519496068;Bitcoin;1.0;7966.35456957;9794.63;-0.78;21000000.0
1519496368;Bitcoin;1.0;7983.22322043;9815.37;-0.4;21000000.0
1519496668;Bitcoin;1.0;7978.74985593;9809.87;-0.34;21000000.0
1519496966;Bitcoin;1.0;7971.46233849;9800.91;-0.43;21000000.0
1519497268;Bitcoin;1.0;7988.22525528;9821.52;-0.08;21000000.0
1519497567;Bitcoin;1.0;7961.4501354;9788.6;-0.25;21000000.0
1519497867;Bitcoin;1.0;7942.8246723;9765.7;-0.44;21000000.0
1519498167;Bitcoin;1.0;7930.20978441;9750.19;-0.49;21000000.0
1519498468;Bitcoin;1.0;7918.61970366;9735.94;-0.6;21000000.0
1519498769;Bitcoin;1.0;7907.37935868;9722.12;-0.7;21000000.0
1519499068;Bitcoin;1.0;7908.49363311;9723.49;-0.72;21000000.0
1519499367;Bitcoin;1.0;7905.28907745;9719.55;-0.76;21000000.0
1519499667;Bitcoin;1.0;7901.88118704;9715.36;-0.84;21000000.0
1519499967;Bitcoin;1.0;7910.08777755;9725.45;-0.76;21000000.0
1519500266;Bitcoin;1.0;7921.77545898;9739.82;-0.67;21000000.0
1519500568;Bitcoin;1.0;7929.14431032;9748.88;-0.52;21000000.0
1519500867;Bitcoin;1.0;7931.93406309;9752.31;-0.42;21000000.0
1519501167;Bitcoin;1.0;7921.01905371;9738.89;-0.52;21000000.0
1519501469;Bitcoin;1.0;7918.74170451;9736.09;-0.29;21000000.0
1519501771;Bitcoin;1.0;7905.43547847;9719.73;-0.29;21000000.0
1519502069;Bitcoin;1.0;7908.59123379;9723.61;-0.13;21000000.0
1519502367;Bitcoin;1.0;7891.73884971;9702.89;-0.31;21000000.0
1519502668;Bitcoin;1.0;7882.45051833;9691.47;-0.33;21000000.0
1519502968;Bitcoin;1.0;7849.11988611;9650.49;-0.78;21000000.0
1519503268;Bitcoin;1.0;7831.86083253;9629.27;-1.01;21000000.0
1519503568;Bitcoin;1.0;7793.85350106;9582.54;-1.54;21000000.0
1519503868;Bitcoin;1.0;7782.64568964;9568.76;-1.73;21000000.0
1519504168;Bitcoin;1.0;7783.71116373;9570.07;-1.76;21000000.0
1519504468;Bitcoin;1.0;7780.32767349;9565.91;-1.82;21000000.0
1519504768;Bitcoin;1.0;7765.77703878;9548.02;-1.96;21000000.0
1519505069;Bitcoin;1.0;7768.57492494;9551.46;-1.82;21000000.0
1519505368;Bitcoin;1.0;7767.88358679;9550.61;-1.73;21000000.0
1519505668;Bitcoin;1.0;7764.92303283;9546.97;-1.62;21000000.0
1519505967;Bitcoin;1.0;7766.02917387;9548.33;-1.6;21000000.0
1519506268;Bitcoin;1.0;7765.47610335;9547.65;-1.28;21000000.0
1519506569;Bitcoin;1.0;7782.72702354;9568.86;-0.84;21000000.0
1519506868;Bitcoin;1.0;7787.95679331;9575.29;-0.42;21000000.0
1519507168;Bitcoin;1.0;7800.31954611;9590.49;-0.19;21000000.0
1519507468;Bitcoin;1.0;7800.36021306;9590.54;0.03;21000000.0
1519507768;Bitcoin;1.0;7786.93198617;9574.03;-0.04;21000000.0
1519508068;Bitcoin;1.0;7786.29758175;9573.25;0.11;21000000.0
1519508368;Bitcoin;1.0;7797.99339657;9587.63;0.32;21000000.0
1519508670;Bitcoin;1.0;7811.34028956;9604.04;0.55;21000000.0
1519508968;Bitcoin;1.0;7809.5997441;9601.9;0.53;21000000.0
1519509264;Bitcoin;1.0;7820.59608738;9615.42;0.7;21000000.0
1519509568;Bitcoin;1.0;7817.09872968;9611.12;0.58;21000000.0
1519509865;Bitcoin;1.0;7822.88156997;9618.23;0.65;21000000.0
1519510190;Bitcoin;1.0;7827.19226667;9623.53;0.56;21000000.0
1519510468;Bitcoin;1.0;7833.62577816;9631.44;0.59;21000000.0
1519510770;Bitcoin;1.0;7834.19511546;9632.14;0.56;21000000.0
1519511068;Bitcoin;1.0;7855.52899743;9658.37;0.82;21000000.0
1519511368;Bitcoin;1.0;7875.11420055;9682.45;1.05;21000000.0
1519511670;Bitcoin;1.0;7894.65873672;9706.48;1.23;21000000.0
1519511970;Bitcoin;1.0;7931.90966292;9752.28;1.66;21000000.0
1519512271;Bitcoin;1.0;7943.68681164;9766.76;1.75;21000000.0
1519512569;Bitcoin;1.0;7948.16830953;9772.27;1.73;21000000.0
1519512868;Bitcoin;1.0;7949.68925346;9774.14;1.75;21000000.0
1519513169;Bitcoin;1.0;7942.84093908;9765.72;1.57;21000000.0
1519513468;Bitcoin;1.0;7939.35171477;9761.43;1.5;21000000.0
1519513769;Bitcoin;1.0;7922.1658617;9740.3;1.15;21000000.0
1519514069;Bitcoin;1.0;7932.82873599;9753.41;1.17;21000000.0
1519514371;Bitcoin;1.0;7932.48713361;9752.99;1.01;21000000.0
1519514670;Bitcoin;1.0;7924.62214548;9743.32;0.76;21000000.0
1519514970;Bitcoin;1.0;7948.16830953;9772.27;0.89;21000000.0
1519515270;Bitcoin;1.0;7958.59531551;9785.09;0.77;21000000.0
1519515569;Bitcoin;1.0;7973.61768684;9803.56;0.63;21000000.0
1519515870;Bitcoin;1.0;7979.45746086;9810.74;0.56;21000000.0
1519516168;Bitcoin;1.0;7987.51765035;9820.65;0.65;21000000.0
1519516468;Bitcoin;1.0;7994.96783559;9829.81;0.66;21000000.0
1519516769;Bitcoin;1.0;7981.35254073;9813.07;0.52;21000000.0
1519517068;Bitcoin;1.0;7967.81044638;9796.42;0.36;21000000.0
1519517368;Bitcoin;1.0;7925.67135279;9744.61;-0.14;21000000.0
1519517668;Bitcoin;1.0;7914.39847425;9730.75;-0.23;21000000.0
1519517968;Bitcoin;1.0;7913.26793304;9729.36;-0.25;21000000.0
1519518268;Bitcoin;1.0;7920.59611743;9738.37;-0.2;21000000.0
1519518568;Bitcoin;1.0;7921.14918795;9739.05;-0.3;21000000.0
1519518869;Bitcoin;1.0;7931.38912596;9751.64;-0.33;21000000.0
1519519169;Bitcoin;1.0;7927.84296792;9747.28;-0.49;21000000.0
1519519467;Bitcoin;1.0;7924.85801379;9743.61;-0.61;21000000.0
1519519769;Bitcoin;1.0;7926.62295942;9745.78;-0.64;21000000.0
1519520069;Bitcoin;1.0;7933.0646043;9753.7;-0.5;21000000.0
1519520370;Bitcoin;1.0;7950.50259246;9775.14;-0.18;21000000.0
1519520670;Bitcoin;1.0;7937.06623218;9758.62;-0.16;21000000.0
1519520969;Bitcoin;1.0;7944.05281419;9767.21;0.09;21000000.0
1519521268;Bitcoin;1.0;7963.8088185;9791.5;0.36;21000000.0
1519521569;Bitcoin;1.0;7963.96335291;9791.69;0.54;21000000.0
1519521869;Bitcoin;1.0;7979.05079136;9810.24;0.73;21000000.0
1519522169;Bitcoin;1.0;8019.0345366;9859.4;1.21;21000000.0
1519522468;Bitcoin;1.0;8007.74539128;9845.52;1.07;21000000.0
1519522769;Bitcoin;1.0;8033.56077114;9877.26;1.34;21000000.0
1519523069;Bitcoin;1.0;8007.57459009;9845.31;0.99;21000000.0
1519523369;Bitcoin;1.0;8008.6237974;9846.6;0.96;21000000.0
1519523669;Bitcoin;1.0;8020.26267849;9860.91;1.08;21000000.0
1519523969;Bitcoin;1.0;8033.61770487;9877.33;1.15;21000000.0
1519524270;Bitcoin;1.0;8026.03738539;9868.01;0.97;21000000.0
1519524569;Bitcoin;1.0;8016.35865129;9856.11;0.8;21000000.0
1519524870;Bitcoin;1.0;8006.19191379;9843.61;0.51;21000000.0
1519525170;Bitcoin;1.0;8005.34604123;9842.57;0.4;21000000.0
1519525469;Bitcoin;1.0;7994.33343117;9829.03;0.09;21000000.0
1519525770;Bitcoin;1.0;7997.61118734;9833.06;-0.05;21000000.0
1519526069;Bitcoin;1.0;8006.41151532;9843.88;0.05;21000000.0
1519526369;Bitcoin;1.0;7994.07316269;9828.71;-0.21;21000000.0
1519526669;Bitcoin;1.0;7982.57254923;9814.57;-0.45;21000000.0
1519526968;Bitcoin;1.0;7969.25005641;9798.19;-0.61;21000000.0
1519527269;Bitcoin;1.0;7958.81491704;9785.36;-0.77;21000000.0
1519527569;Bitcoin;1.0;7950.77912772;9775.48;-0.85;21000000.0
1519527870;Bitcoin;1.0;7912.85313015;9728.85;-1.31;21000000.0
1519528170;Bitcoin;1.0;7911.30778605;9726.95;-1.28;21000000.0
1519528471;Bitcoin;1.0;7892.46272142;9703.78;-1.44;21000000.0
1519528769;Bitcoin;1.0;7885.13453703;9694.77;-1.53;21000000.0
1519529070;Bitcoin;1.0;7875.01659987;9682.33;-1.57;21000000.0
1519529369;Bitcoin;1.0;7853.1133806;9655.4;-1.81;21000000.0
1519529668;Bitcoin;1.0;7848.90841797;9650.23;-1.8;21000000.0
1519529971;Bitcoin;1.0;7864.89866271;9669.89;-1.5;21000000.0
1519530270;Bitcoin;1.0;7882.12518273;9691.07;-1.23;21000000.0
1519530570;Bitcoin;1.0;7879.79903319;9688.21;-1.02;21000000.0
1519530869;Bitcoin;1.0;7893.86979789;9705.51;-0.85;21000000.0
1519531169;Bitcoin;1.0;7886.16747756;9696.04;-0.77;21000000.0
1519531469;Bitcoin;1.0;7879.48183098;9687.82;-0.49;21000000.0
1519531768;Bitcoin;1.0;7913.77220322;9729.98;-0.06;21000000.0
1519532068;Bitcoin;1.0;7932.18619818;9752.62;0.35;21000000.0
1519532369;Bitcoin;1.0;7969.25005641;9798.19;1.1;21000000.0
1519532669;Bitcoin;1.0;7987.97312019;9821.21;1.4;21000000.0
1519532970;Bitcoin;1.0;7984.83363165;9817.35;1.44;21000000.0
1519533269;Bitcoin;1.0;7961.88933846;9789.14;1.19;21000000.0
1519533569;Bitcoin;1.0;7975.14676416;9805.44;1.32;21000000.0
1519533868;Bitcoin;1.0;7976.62704114;9807.26;1.35;21000000.0
1519534170;Bitcoin;1.0;7973.90235549;9803.91;1.18;21000000.0
1519534467;Bitcoin;1.0;7984.94749911;9817.49;1.32;21000000.0
1519534768;Bitcoin;1.0;7980.91333767;9812.53;1.08;21000000.0
1519535068;Bitcoin;1.0;7984.58149656;9817.04;1.1;21000000.0
1519535368;Bitcoin;1.0;7988.48552376;9821.84;0.96;21000000.0
1519535668;Bitcoin;1.0;7986.72871152;9819.68;0.74;21000000.0
1519535969;Bitcoin;1.0;7994.98410237;9829.83;0.6;21000000.0
1519536268;Bitcoin;1.0;8001.52334793;9837.87;0.54;21000000.0
1519536568;Bitcoin;1.0;7976.42370639;9807.01;0.08;21000000.0
1519536869;Bitcoin;1.0;7966.40336991;9794.69;-0.12;21000000.0
1519537168;Bitcoin;1.0;7957.94464431;9784.29;-0.25;21000000.0
1519537470;Bitcoin;1.0;7941.57213024;9764.16;-0.44;21000000.0
1519537767;Bitcoin;1.0;7943.11747434;9766.06;-0.41;21000000.0
1519538068;Bitcoin;1.0;7956.87103683;9782.97;-0.3;21000000.0
1519538370;Bitcoin;1.0;7976.52130707;9807.13;-0.08;21000000.0
1519538668;Bitcoin;1.0;7987.22484831;9820.29;0.05;21000000.0
1519538967;Bitcoin;1.0;8013.89423412;9853.08;0.34;21000000.0
1519539270;Bitcoin;1.0;8034.00810759;9877.81;0.57;21000000.0
1519539568;Bitcoin;1.0;8047.72913652;9894.68;0.74;21000000.0
1519539868;Bitcoin;1.0;8057.65187232;9906.88;0.95;21000000.0
1519540170;Bitcoin;1.0;8054.76451887;9903.33;1.02;21000000.0
1519540469;Bitcoin;1.0;8051.25902778;9899.02;1.03;21000000.0
1519540768;Bitcoin;1.0;8050.54328946;9898.14;1.09;21000000.0
1519541069;Bitcoin;1.0;8044.33751289;9890.51;1.15;21000000.0
1519541369;Bitcoin;1.0;8067.43634049;9918.91;1.33;21000000.0
1519541668;Bitcoin;1.0;8055.98452737;9904.83;1.1;21000000.0
1519541968;Bitcoin;1.0;8045.62258851;9892.09;0.95;21000000.0
1519542267;Bitcoin;1.0;8051.68196406;9899.54;0.83;21000000.0
1519542569;Bitcoin;1.0;8054.04064716;9902.44;0.43;21000000.0
1519542866;Bitcoin;1.0;8070.94183158;9923.22;0.64;21000000.0
1519543168;Bitcoin;1.0;8064.68725467;9915.53;0.4;21000000.0
1519543467;Bitcoin;1.0;8060.8401612;9910.8;0.22;21000000.0
1519543769;Bitcoin;1.0;8050.48635573;9898.07;0.02;21000000.0
1519544066;Bitcoin;1.0;8058.40827759;9907.81;0.09;21000000.0
1519544368;Bitcoin;1.0;8037.08252901;9881.59;-0.22;21000000.0
1519544667;Bitcoin;1.0;8047.65593601;9894.59;-0.08;21000000.0
1519544968;Bitcoin;1.0;8028.35540154;9870.86;-0.3;21000000.0
1519545268;Bitcoin;1.0;8022.59696142;9863.78;-0.37;21000000.0
1519545569;Bitcoin;1.0;7989.69739887;9823.33;-0.82;21000000.0
1519545868;Bitcoin;1.0;7987.99752036;9821.24;-0.88;21000000.0
1519546169;Bitcoin;1.0;8005.2891075;9842.5;-0.65;21000000.0
1519546469;Bitcoin;1.0;8010.60834456;9849.04;-0.6;21000000.0
1519546769;Bitcoin;1.0;8003.0930922;9839.8;-0.7;21000000.0
1519547070;Bitcoin;1.0;7993.55262573;9828.07;-0.79;21000000.0
1519547368;Bitcoin;1.0;7992.99142182;9827.38;-0.75;21000000.0
1519547668;Bitcoin;1.0;8006.52538278;9844.02;-0.5;21000000.0
1519547969;Bitcoin;1.0;8006.81005143;9844.37;-0.42;21000000.0
1519548268;Bitcoin;1.0;7985.46803607;9818.13;-0.69;21000000.0
1519548568;Bitcoin;1.0;7961.75107083;9788.97;-0.71;21000000.0
1519548869;Bitcoin;1.0;7921.7591922;9739.8;-1.15;21000000.0
1519549167;Bitcoin;1.0;7912.75552947;9728.73;-1.26;21000000.0
1519549469;Bitcoin;1.0;7891.29964665;9702.35;-1.4;21000000.0
1519549770;Bitcoin;1.0;7907.47695936;9722.24;-1.14;21000000.0
1519550068;Bitcoin;1.0;7899.93730683;9712.97;-1.22;21000000.0
1519550367;Bitcoin;1.0;7911.33218622;9726.98;-1.1;21000000.0
1519550669;Bitcoin;1.0;7921.16545473;9739.07;-1.02;21000000.0
1519550970;Bitcoin;1.0;7919.8071786;9737.4;-0.98;21000000.0
1519551267;Bitcoin;1.0;7906.31388459;9720.81;-1.15;21000000.0
1519551568;Bitcoin;1.0;7889.80310289;9700.51;-1.27;21000000.0
1519551869;Bitcoin;1.0;7886.11054383;9695.97;-1.0;21000000.0
1519552168;Bitcoin;1.0;7862.14957689;9666.51;-1.3;21000000.0
1519552469;Bitcoin;1.0;7876.47247668;9684.12;-0.88;21000000.0
1519552768;Bitcoin;1.0;7869.03855822;9674.98;-0.72;21000000.0
1519553068;Bitcoin;1.0;7886.17561095;9696.05;-0.37;21000000.0
1519553368;Bitcoin;1.0;7892.3163204;9703.6;-0.19;21000000.0
1519553668;Bitcoin;1.0;7884.31306464;9693.76;-0.28;21000000.0
1519553968;Bitcoin;1.0;7882.89785478;9692.02;-0.32;21000000.0
1519554268;Bitcoin;1.0;7895.52900945;9707.55;-0.16;21000000.0
1519554569;Bitcoin;1.0;7905.67134678;9720.02;-0.0;21000000.0
1519554869;Bitcoin;1.0;7911.52738758;9727.22;0.18;21000000.0
1519555168;Bitcoin;1.0;7911.4297869;9727.1;0.18;21000000.0
1519555468;Bitcoin;1.0;7932.40579971;9752.89;0.57;21000000.0
1519555768;Bitcoin;1.0;7940.51478954;9762.86;0.79;21000000.0
1519556067;Bitcoin;1.0;7950.26672415;9774.85;0.91;21000000.0
1519556367;Bitcoin;1.0;7946.9727012;9770.8;0.87;21000000.0
1519556668;Bitcoin;1.0;7935.10608519;9756.21;0.71;21000000.0
1519556968;Bitcoin;1.0;7939.55504952;9761.68;0.71;21000000.0
1519557269;Bitcoin;1.0;7953.50381337;9778.83;0.79;21000000.0
1519557570;Bitcoin;1.0;7963.91455257;9791.63;0.87;21000000.0
1519557868;Bitcoin;1.0;7964.63029089;9792.51;0.85;21000000.0
1519558168;Bitcoin;1.0;7970.7222;9800.0;0.85;21000000.0
1519558467;Bitcoin;1.0;7974.17075736;9804.24;0.85;21000000.0
1519558768;Bitcoin;1.0;7956.95237073;9783.07;0.45;21000000.0
1519559068;Bitcoin;1.0;7937.81450406;9759.54;0.12;21000000.0
1519559367;Bitcoin;1.0;7940.23825428;9762.52;0.1;21000000.0
1519559668;Bitcoin;1.0;7921.74292542;9739.78;-0.19;21000000.0
1519559968;Bitcoin;1.0;7927.2341592;9746.16;-0.17;21000000.0
1519560267;Bitcoin;1.0;7926.0710401;9744.73;-0.23;21000000.0
1519560569;Bitcoin;1.0;7950.6022793;9774.89;-0.0;21000000.0
1519560868;Bitcoin;1.0;7930.5852436;9750.28;-0.31;21000000.0
1519561168;Bitcoin;1.0;7921.8903183;9739.59;-0.45;21000000.0
1519561468;Bitcoin;1.0;7905.3138377;9719.21;-0.7;21000000.0
1519561767;Bitcoin;1.0;7912.2600175;9727.75;-0.65;21000000.0
1519562068;Bitcoin;1.0;7888.1923992;9698.16;-0.89;21000000.0
1519562368;Bitcoin;1.0;7875.3574206;9682.38;-0.97;21000000.0
1519562670;Bitcoin;1.0;7849.5166557;9650.61;-1.18;21000000.0
1519562970;Bitcoin;1.0;7844.7503075;9644.75;-1.14;21000000.0
1519563269;Bitcoin;1.0;7843.0584979;9642.67;-1.15;21000000.0
1519563570;Bitcoin;1.0;7843.9125364;9643.72;-1.12;21000000.0
1519563870;Bitcoin;1.0;7852.1763756;9653.88;-0.98;21000000.0
1519564171;Bitcoin;1.0;7854.226068;9656.4;-0.92;21000000.0
1519564469;Bitcoin;1.0;7860.9851727;9664.71;-0.8;21000000.0
1519564769;Bitcoin;1.0;7859.4885719;9662.87;-0.74;21000000.0
1519565071;Bitcoin;1.0;7848.2559322;9649.06;-0.73;21000000.0
1519565374;Bitcoin;1.0;7847.231086;9647.8;-0.57;21000000.0
1519565672;Bitcoin;1.0;7815.0623025;9608.25;-0.81;21000000.0
1519565970;Bitcoin;1.0;7805.9606922;9597.06;-0.8;21000000.0
1519566267;Bitcoin;1.0;7768.1064524;9550.52;-1.28;21000000.0
1519566568;Bitcoin;1.0;7764.0477361;9545.53;-1.19;21000000.0
1519566869;Bitcoin;1.0;7769.6111869;9552.37;-0.98;21000000.0
1519567172;Bitcoin;1.0;7776.6956396;9561.08;-0.93;21000000.0
1519567471;Bitcoin;1.0;7789.807164;9577.2;-0.8;21000000.0
1519567769;Bitcoin;1.0;7777.0453887;9561.51;-0.96;21000000.0
1519568069;Bitcoin;1.0;7770.0585404;9552.92;-1.06;21000000.0
1519568369;Bitcoin;1.0;7775.7114619;9559.87;-0.99;21000000.0
1519568669;Bitcoin;1.0;7781.9093413;9567.49;-0.84;21000000.0
1519568969;Bitcoin;1.0;7779.8189804;9564.92;-0.63;21000000.0
1519569269;Bitcoin;1.0;7795.0859353;9583.69;-0.26;21000000.0
1519569569;Bitcoin;1.0;7797.7456552;9586.96;-0.06;21000000.0
1519569869;Bitcoin;1.0;7779.5098998;9564.54;-0.2;21000000.0
1519570168;Bitcoin;1.0;7765.9347545;9547.85;-0.22;21000000.0
1519570471;Bitcoin;1.0;7752.2782722;9531.06;-0.28;21000000.0
1519570764;Bitcoin;1.0;7739.3375555;9515.15;-0.45;21000000.0
1519571068;Bitcoin;1.0;7717.1976241;9487.93;-0.74;21000000.0
1519571370;Bitcoin;1.0;7703.8664898;9471.54;-0.96;21000000.0
1519571670;Bitcoin;1.0;7694.5127348;9460.04;-1.08;21000000.0
1519571970;Bitcoin;1.0;7674.8129134;9435.82;-1.37;21000000.0
1519572269;Bitcoin;1.0;7672.031188;9432.4;-1.42;21000000.0
1519571970;Bitcoin;1.0;7674.8129134;9435.82;-1.37;21000000.0
1519572269;Bitcoin;1.0;7672.031188;9432.4;-1.42;21000000.0
1519572570;Bitcoin;1.0;7659.9607772;9417.56;-1.61;21000000.0
1519572869;Bitcoin;1.0;7651.4203922;9407.06;-1.68;21000000.0
1519573170;Bitcoin;1.0;7667.7284607;9427.11;-1.49;21000000.0
1519573469;Bitcoin;1.0;7671.5919682;9431.86;-1.3;21000000.0
1519573770;Bitcoin;1.0;7673.9914097;9434.81;-1.09;21000000.0
1519574070;Bitcoin;1.0;7703.0693872;9470.56;-0.52;21000000.0
1519574369;Bitcoin;1.0;7726.4781758;9499.34;-0.21;21000000.0
1519574668;Bitcoin;1.0;7731.7732145;9505.85;0.04;21000000.0
1519574969;Bitcoin;1.0;7733.1315424;9507.52;0.33;21000000.0
1519575269;Bitcoin;1.0;7727.2834121;9500.33;0.45;21000000.0
1519575568;Bitcoin;1.0;7729.2680349;9502.77;0.55;21000000.0
1519575869;Bitcoin;1.0;7739.9150482;9515.86;0.83;21000000.0
1519576171;Bitcoin;1.0;7742.1274146;9518.58;0.99;21000000.0
1519576469;Bitcoin;1.0;7750.8548747;9529.31;1.1;21000000.0
1519576768;Bitcoin;1.0;7756.5484647;9536.31;1.18;21000000.0
1519577070;Bitcoin;1.0;7756.1661808;9535.84;1.0;21000000.0
1519577368;Bitcoin;1.0;7754.018884;9533.2;0.84;21000000.0
1519577667;Bitcoin;1.0;7755.2226716;9534.68;0.77;21000000.0
1519577968;Bitcoin;1.0;7734.0343831;9508.63;0.36;21000000.0
1519578268;Bitcoin;1.0;7719.7353385;9491.05;0.02;21000000.0
1519578568;Bitcoin;1.0;7705.5827005;9473.65;-0.25;21000000.0
1519578869;Bitcoin;1.0;7713.6675983;9483.59;-0.23;21000000.0
1519579167;Bitcoin;1.0;7716.766538;9487.4;-0.22;21000000.0
1519579468;Bitcoin;1.0;7707.8601365;9476.45;-0.41;21000000.0
1519579768;Bitcoin;1.0;7710.910274;9480.2;-0.39;21000000.0
1519580069;Bitcoin;1.0;7712.3336715;9481.95;-0.49;21000000.0
1519580368;Bitcoin;1.0;7711.3820286;9480.78;-0.51;21000000.0
1519580668;Bitcoin;1.0;7725.5265329;9498.17;-0.31;21000000.0
1519580969;Bitcoin;1.0;7734.7745498;9509.54;-0.15;21000000.0
1519581267;Bitcoin;1.0;7723.5419101;9495.73;-0.29;21000000.0
1519581570;Bitcoin;1.0;7716.6689336;9487.28;-0.22;21000000.0
1519581868;Bitcoin;1.0;7694.6672751;9460.23;-0.44;21000000.0
1519582168;Bitcoin;1.0;7684.6546904;9447.92;-0.41;21000000.0
1519582468;Bitcoin;1.0;7675.6344171;9436.83;-0.52;21000000.0
1519582768;Bitcoin;1.0;7685.7446062;9449.26;-0.35;21000000.0
1519583069;Bitcoin;1.0;7683.4509028;9446.44;-0.37;21000000.0
1519583368;Bitcoin;1.0;7683.6949138;9446.74;-0.39;21000000.0
1519583667;Bitcoin;1.0;7672.1450598;9432.54;-0.54;21000000.0
1519583969;Bitcoin;1.0;7683.2963625;9446.25;-0.47;21000000.0
1519584268;Bitcoin;1.0;7689.4861082;9453.86;-0.39;21000000.0
1519584567;Bitcoin;1.0;7706.3472683;9474.59;-0.19;21000000.0
1519584868;Bitcoin;1.0;7740.8585574;9517.02;0.36;21000000.0
1519585167;Bitcoin;1.0;7746.4952115;9523.95;0.43;21000000.0
1519585468;Bitcoin;1.0;7754.3930342;9533.66;0.68;21000000.0
1519585768;Bitcoin;1.0;7753.7342045;9532.85;0.81;21000000.0
1519586069;Bitcoin;1.0;7749.5046805;9527.65;0.78;21000000.0
1519586368;Bitcoin;1.0;7761.1440052;9541.96;1.02;21000000.0
1519586668;Bitcoin;1.0;7774.9712952;9558.96;1.22;21000000.0
1519586967;Bitcoin;1.0;7787.1962463;9573.99;1.39;21000000.0
1519587268;Bitcoin;1.0;7785.984325;9572.5;1.3;21000000.0
1519587568;Bitcoin;1.0;7790.2707849;9577.77;1.25;21000000.0
1519587867;Bitcoin;1.0;7798.0547358;9587.34;1.23;21000000.0
1519588167;Bitcoin;1.0;7802.0971847;9592.31;1.24;21000000.0
1519588468;Bitcoin;1.0;7800.2915033;9590.09;0.98;21000000.0
1519588768;Bitcoin;1.0;7788.3756328;9575.44;0.73;21000000.0
1519589070;Bitcoin;1.0;7785.5125704;9571.92;0.45;21000000.0
1519589368;Bitcoin;1.0;7782.3648285;9568.05;0.36;21000000.0
1519589667;Bitcoin;1.0;7797.4121735;9586.55;0.47;21000000.0
1519589968;Bitcoin;1.0;7789.0995321;9576.33;0.29;21000000.0
1519590269;Bitcoin;1.0;7810.222751;9602.3;0.46;21000000.0
1519590567;Bitcoin;1.0;7832.2488106;9629.38;0.7;21000000.0
1519590868;Bitcoin;1.0;7840.2442377;9639.21;0.7;21000000.0
1519591167;Bitcoin;1.0;7840.6997249;9639.77;0.65;21000000.0
1519591467;Bitcoin;1.0;7839.4552688;9638.24;0.58;21000000.0
1519591767;Bitcoin;1.0;7859.4967056;9662.88;0.84;21000000.0
1519592068;Bitcoin;1.0;7860.9526379;9664.67;0.88;21000000.0
1519592368;Bitcoin;1.0;7872.7790377;9679.21;1.03;21000000.0
1519592667;Bitcoin;1.0;7861.139713;9664.9;0.88;21000000.0
1519592968;Bitcoin;1.0;7874.3651092;9681.16;1.08;21000000.0
1519593267;Bitcoin;1.0;7882.0189209;9690.57;1.08;21000000.0
1519593568;Bitcoin;1.0;7865.9792645;9670.85;0.78;21000000.0
1519593867;Bitcoin;1.0;7849.6386612;9650.76;0.47;21000000.0
1519594167;Bitcoin;1.0;7840.480115;9639.5;0.24;21000000.0
1519594468;Bitcoin;1.0;7852.0055679;9653.67;0.28;21000000.0
1519594768;Bitcoin;1.0;7851.1433957;9652.61;0.14;21000000.0
1519595067;Bitcoin;1.0;7858.4067898;9661.54;0.16;21000000.0
1519595367;Bitcoin;1.0;7863.1406032;9667.36;0.12;21000000.0
1519595667;Bitcoin;1.0;7867.9801547;9673.31;0.16;21000000.0
1519595968;Bitcoin;1.0;7872.4130212;9678.76;0.05;21000000.0
1519596268;Bitcoin;1.0;7871.8517959;9678.07;0.03;21000000.0
1519596570;Bitcoin;1.0;7874.153633;9680.9;0.08;21000000.0
1519596868;Bitcoin;1.0;7855.8040058;9658.34;-0.1;21000000.0
1519597169;Bitcoin;1.0;7855.690134;9658.2;-0.06;21000000.0
1519597467;Bitcoin;1.0;7859.0493521;9662.33;-0.02;21000000.0
1519597767;Bitcoin;1.0;7862.8315226;9666.98;0.07;21000000.0
1519597467;Bitcoin;1.0;7859.0493521;9662.33;-0.02;21000000.0
1519597767;Bitcoin;1.0;7862.8315226;9666.98;0.07;21000000.0
1519598067;Bitcoin;1.0;7867.3782609;9672.57;0.17;21000000.0
1519598367;Bitcoin;1.0;7873.2833271;9679.83;0.24;21000000.0
1519598669;Bitcoin;1.0;7895.7160717;9707.41;0.44;21000000.0
1519598968;Bitcoin;1.0;7912.7317721;9728.33;0.64;21000000.0
1519599269;Bitcoin;1.0;7927.3073625;9746.25;0.77;21000000.0
1519599568;Bitcoin;1.0;7934.7334306;9755.38;0.85;21000000.0
1519599868;Bitcoin;1.0;7937.2548776;9758.48;0.87;21000000.0
1519600168;Bitcoin;1.0;7936.1080259;9757.07;0.91;21000000.0
1519600468;Bitcoin;1.0;7929.4139908;9748.84;0.82;21000000.0
1519600768;Bitcoin;1.0;7929.9833498;9749.54;0.84;21000000.0
1519601068;Bitcoin;1.0;7920.7434666;9738.18;0.72;21000000.0
1519601367;Bitcoin;1.0;7909.3644203;9724.19;0.6;21000000.0
1519601668;Bitcoin;1.0;7898.3269894;9710.62;0.29;21000000.0
1519601968;Bitcoin;1.0;7894.0974654;9705.42;0.15;21000000.0
1519602268;Bitcoin;1.0;7882.531344;9691.2;-0.24;21000000.0
1519602568;Bitcoin;1.0;7874.8124627;9681.71;-0.49;21000000.0
1519602874;Bitcoin;1.0;7861.2373174;9665.02;-0.79;21000000.0
1519603169;Bitcoin;1.0;7861.0014401;9664.73;-0.8;21000000.0
1519603470;Bitcoin;1.0;7868.67271224;9669.43;-0.85;21000000.0
1519603769;Bitcoin;1.0;7886.4698184;9691.3;-0.61;21000000.0
1519604068;Bitcoin;1.0;7873.19726232;9674.99;-0.74;21000000.0
1519604369;Bitcoin;1.0;7866.80918352;9667.14;-0.73;21000000.0
1519604669;Bitcoin;1.0;7866.56505312;9666.84;-0.64;21000000.0
1519604972;Bitcoin;1.0;7880.74089168;9684.26;-0.37;21000000.0
1519605268;Bitcoin;1.0;7876.867356;9679.5;-0.36;21000000.0
1519605569;Bitcoin;1.0;7881.53024664;9685.23;-0.18;21000000.0
1519605869;Bitcoin;1.0;7889.02504992;9694.44;0.08;21000000.0
1519606169;Bitcoin;1.0;7900.76772216;9708.87;0.28;21000000.0
1519606476;Bitcoin;1.0;7888.52865144;9693.83;0.17;21000000.0
1519606772;Bitcoin;1.0;7884.38657232;9688.74;0.15;21000000.0
1519607094;Bitcoin;1.0;7891.8406872;9697.9;0.27;21000000.0
1519607372;Bitcoin;1.0;7912.73824944;9723.58;0.54;21000000.0
1519607670;Bitcoin;1.0;7933.017348;9748.5;0.77;21000000.0
1519607971;Bitcoin;1.0;7946.55844752;9765.14;0.91;21000000.0
1519608269;Bitcoin;1.0;7944.98787528;9763.21;0.88;21000000.0
1519608566;Bitcoin;1.0;7944.60540432;9762.74;0.89;21000000.0
1519608864;Bitcoin;1.0;7936.44331128;9752.71;0.76;21000000.0
1519609170;Bitcoin;1.0;7938.42076752;9755.14;0.67;21000000.0
1519609469;Bitcoin;1.0;7932.90342048;9748.36;0.59;21000000.0
1519609769;Bitcoin;1.0;7936.41076056;9752.67;0.6;21000000.0
1519610069;Bitcoin;1.0;7937.086188;9753.5;0.61;21000000.0
1519610368;Bitcoin;1.0;7965.2425608;9788.1;0.9;21000000.0
1519610670;Bitcoin;1.0;7975.04032752;9800.14;0.92;21000000.0
1519610970;Bitcoin;1.0;7969.80779928;9793.71;0.7;21000000.0
1519611270;Bitcoin;1.0;7968.30232848;9791.86;0.58;21000000.0
1519611569;Bitcoin;1.0;7961.65384392;9783.69;0.4;21000000.0
1519611868;Bitcoin;1.0;7966.06446648;9789.11;0.37;21000000.0
1519612169;Bitcoin;1.0;7987.35263736;9815.27;0.6;21000000.0
1519612469;Bitcoin;1.0;7991.82836136;9820.77;0.65;21000000.0
1519612769;Bitcoin;1.0;8003.30249016;9834.87;0.81;21000000.0
1519613068;Bitcoin;1.0;7991.86904976;9820.82;0.64;21000000.0
1519613368;Bitcoin;1.0;7986.93761568;9814.76;0.57;21000000.0
1519613669;Bitcoin;1.0;7984.57768848;9811.86;0.47;21000000.0
1519613969;Bitcoin;1.0;7978.24657344;9804.08;0.32;21000000.0
1519614270;Bitcoin;1.0;7974.38117544;9799.33;0.14;21000000.0
1519614570;Bitcoin;1.0;7974.65785656;9799.67;0.09;21000000.0
1519614870;Bitcoin;1.0;7962.5978148;9784.85;-0.11;21000000.0
1519615169;Bitcoin;1.0;7959.4241196;9780.95;-0.19;21000000.0
1519615470;Bitcoin;1.0;7952.94652632;9772.99;-0.32;21000000.0
1519615769;Bitcoin;1.0;7954.53337392;9774.94;-0.34;21000000.0
1519616069;Bitcoin;1.0;7952.96280168;9773.01;-0.39;21000000.0
1519616371;Bitcoin;1.0;7949.903034;9769.25;-0.51;21000000.0
1519616669;Bitcoin;1.0;7932.35819592;9747.69;-0.71;21000000.0
1519616969;Bitcoin;1.0;7908.44969208;9718.31;-1.01;21000000.0
1519617269;Bitcoin;1.0;7895.15272296;9701.97;-1.14;21000000.0
1519617567;Bitcoin;1.0;7897.20341832;9704.49;-1.06;21000000.0
1519617869;Bitcoin;1.0;7891.21408584;9697.13;-1.02;21000000.0
1519618168;Bitcoin;1.0;7888.35776016;9693.62;-1.05;21000000.0
1519618466;Bitcoin;1.0;7878.42979056;9681.42;-1.11;21000000.0
1519618767;Bitcoin;1.0;7883.8657608;9688.1;-0.99;21000000.0
1519619069;Bitcoin;1.0;7899.3680412;9707.15;-0.76;21000000.0
1519619369;Bitcoin;1.0;7896.16993296;9703.22;-0.7;21000000.0
1519619668;Bitcoin;1.0;7902.30574368;9710.76;-0.6;21000000.0
1519619971;Bitcoin;1.0;7906.39899672;9715.79;-0.33;21000000.0
1519620268;Bitcoin;1.0;7920.94916856;9733.67;-0.08;21000000.0
1519620568;Bitcoin;1.0;7923.27654504;9736.53;0.01;21000000.0
1519620868;Bitcoin;1.0;7922.45463936;9735.52;0.17;21000000.0
1519621168;Bitcoin;1.0;7925.88060264;9739.73;0.34;21000000.0
1519621467;Bitcoin;1.0;7929.59138472;9744.29;0.48;21000000.0
1519621768;Bitcoin;1.0;7939.15315872;9756.04;0.64;21000000.0
1519622070;Bitcoin;1.0;7939.62514416;9756.62;0.63;21000000.0
1519622368;Bitcoin;1.0;7927.69530528;9741.96;0.46;21000000.0
1519622669;Bitcoin;1.0;7919.72851656;9732.17;0.35;21000000.0
1519622968;Bitcoin;1.0;7904.28319992;9713.19;0.04;21000000.0
1519623268;Bitcoin;1.0;7890.08294832;9695.74;-0.23;21000000.0
1519623570;Bitcoin;1.0;7879.4307252;9682.65;-0.41;21000000.0
1519623868;Bitcoin;1.0;7877.41258056;9680.17;-0.46;21000000.0
1519624168;Bitcoin;1.0;7881.29425392;9684.94;-0.47;21000000.0
1519624468;Bitcoin;1.0;7887.29172408;9692.31;-0.46;21000000.0
1519624768;Bitcoin;1.0;7900.10857008;9708.06;-0.34;21000000.0
1519625070;Bitcoin;1.0;7893.82678264;9718.96;-0.27;21000000.0
1519625368;Bitcoin;1.0;7888.01948829;9711.81;-0.35;21000000.0
1519625668;Bitcoin;1.0;7881.04261298;9703.22;-0.38;21000000.0
1519625968;Bitcoin;1.0;7875.86884165;9696.85;-0.37;21000000.0
1519626269;Bitcoin;1.0;7869.66356489;9689.21;-0.4;21000000.0
1519626568;Bitcoin;1.0;7859.13733625;9676.25;-0.4;21000000.0
1519626868;Bitcoin;1.0;7842.56015056;9655.84;-0.5;21000000.0
1519627169;Bitcoin;1.0;7841.91038336;9655.04;-0.44;21000000.0
1519627468;Bitcoin;1.0;7816.81312526;9624.14;-0.72;21000000.0
1519627768;Bitcoin;1.0;7798.62776575;9601.75;-0.92;21000000.0
1519628067;Bitcoin;1.0;7777.98953506;9576.34;-1.22;21000000.0
1519628368;Bitcoin;1.0;7766.40743472;9562.08;-1.42;21000000.0
1519628669;Bitcoin;1.0;7761.16056458;9555.62;-1.54;21000000.0
1519628968;Bitcoin;1.0;7763.65404621;9558.69;-1.51;21000000.0
1519629267;Bitcoin;1.0;7768.55978857;9564.73;-1.44;21000000.0
1519629567;Bitcoin;1.0;7768.43795722;9564.58;-1.39;21000000.0
1519629869;Bitcoin;1.0;7753.17655011;9545.79;-1.38;21000000.0
1519630168;Bitcoin;1.0;7744.62398934;9535.26;-1.41;21000000.0
1519630468;Bitcoin;1.0;7752.01509124;9544.36;-1.17;21000000.0
1519630769;Bitcoin;1.0;7751.97448079;9544.31;-0.99;21000000.0
1519631069;Bitcoin;1.0;7771.04514811;9567.79;-0.47;21000000.0
1519631368;Bitcoin;1.0;7774.80567578;9572.42;-0.42;21000000.0
1519631668;Bitcoin;1.0;7785.05575336;9585.04;-0.06;21000000.0
1519631967;Bitcoin;1.0;7780.12564473;9578.97;0.01;21000000.0
1519632267;Bitcoin;1.0;7770.74463078;9567.42;-0.02;21000000.0
1519632567;Bitcoin;1.0;7765.54649318;9561.02;-0.03;21000000.0
1519632868;Bitcoin;1.0;7759.95037317;9554.13;-0.01;21000000.0
1519633169;Bitcoin;1.0;7735.90086468;9524.52;-0.3;21000000.0
1519633467;Bitcoin;1.0;7722.79993351;9508.39;-0.46;21000000.0
1519633767;Bitcoin;1.0;7717.47996456;9501.84;-0.5;21000000.0
1519634069;Bitcoin;1.0;7717.39062157;9501.73;-0.52;21000000.0
1519634370;Bitcoin;1.0;7721.69532927;9507.03;-0.54;21000000.0
1519634668;Bitcoin;1.0;7723.43345653;9509.17;-0.54;21000000.0
1519634968;Bitcoin;1.0;7723.62838669;9509.41;-0.59;21000000.0
1519635268;Bitcoin;1.0;7740.12435148;9529.72;-0.4;21000000.0
1519635567;Bitcoin;1.0;7758.51276324;9552.36;-0.18;21000000.0
1519635868;Bitcoin;1.0;7773.70107154;9571.06;0.01;21000000.0
1519636168;Bitcoin;1.0;7783.85368404;9583.56;0.31;21000000.0
1519637667;Bitcoin;1.0;7807.50521012;9612.68;1.09;21000000.0
1519637968;Bitcoin;1.0;7808.26056449;9613.61;1.09;21000000.0
1519638268;Bitcoin;1.0;7806.2219199;9611.1;0.98;21000000.0
1519638570;Bitcoin;1.0;7797.14142328;9599.92;0.74;21000000.0
1519638867;Bitcoin;1.0;7795.63883663;9598.07;0.72;21000000.0
1519639168;Bitcoin;1.0;7794.3636685;9596.5;0.5;21000000.0
1519639469;Bitcoin;1.0;7789.57975749;9590.61;0.21;21000000.0
1519639767;Bitcoin;1.0;7792.23568092;9593.88;0.24;21000000.0
1519640067;Bitcoin;1.0;7814.71762604;9621.56;0.37;21000000.0
1519640367;Bitcoin;1.0;7834.22688622;9645.58;0.53;21000000.0
1519640667;Bitcoin;1.0;7834.0806886;9645.4;0.49;21000000.0
1519640968;Bitcoin;1.0;7848.72481687;9663.43;0.57;21000000.0
1519641268;Bitcoin;1.0;7846.84861408;9661.12;0.55;21000000.0
1519641569;Bitcoin;1.0;7858.27639471;9675.19;0.72;21000000.0
1519641869;Bitcoin;1.0;7856.5788779;9673.1;0.71;21000000.0
1519642168;Bitcoin;1.0;7897.22181626;9723.14;1.27;21000000.0
1519642468;Bitcoin;1.0;7908.43842255;9736.95;1.42;21000000.0
1519642767;Bitcoin;1.0;7929.72642044;9763.16;1.68;21000000.0
1519643068;Bitcoin;1.0;7924.04907953;9756.17;1.56;21000000.0
1519643369;Bitcoin;1.0;7927.41162479;9760.31;1.51;21000000.0
1519643668;Bitcoin;1.0;7937.26371996;9772.44;1.56;21000000.0
1519643969;Bitcoin;1.0;7947.07520468;9784.52;1.59;21000000.0
1519644269;Bitcoin;1.0;7957.8613402;9797.8;1.51;21000000.0
1519644567;Bitcoin;1.0;7958.99031071;9799.19;1.52;21000000.0
1519644867;Bitcoin;1.0;7955.57091082;9794.98;1.39;21000000.0
1519645169;Bitcoin;1.0;7936.06165064;9770.96;0.85;21000000.0
1519645468;Bitcoin;1.0;7929.23097295;9762.55;0.65;21000000.0
1519645768;Bitcoin;1.0;7956.1557013;9795.7;0.85;21000000.0
1519646067;Bitcoin;1.0;7965.64230242;9807.38;0.89;21000000.0
1519646368;Bitcoin;1.0;7969.62212652;9812.28;0.73;21000000.0
1519646669;Bitcoin;1.0;7940.86145203;9803.69;0.42;21000000.0
1519646969;Bitcoin;1.0;7935.70183484;9797.32;0.26;21000000.0
1519647268;Bitcoin;1.0;7920.57127768;9778.64;0.0;21000000.0
1519647566;Bitcoin;1.0;7928.34715288;9788.24;0.1;21000000.0
1519647871;Bitcoin;1.0;7935.27254173;9796.79;0.1;21000000.0
1519648168;Bitcoin;1.0;7930.9067118;9791.4;0.08;21000000.0
1519648468;Bitcoin;1.0;7928.69544729;9788.67;0.02;21000000.0
1519648768;Bitcoin;1.0;7907.65198503;9762.69;-0.28;21000000.0
1519649068;Bitcoin;1.0;7912.97359962;9769.26;-0.22;21000000.0
1519649368;Bitcoin;1.0;7906.17780869;9760.87;-0.3;21000000.0
1519649667;Bitcoin;1.0;7927.54526575;9787.25;-0.05;21000000.0
1519649968;Bitcoin;1.0;7956.14590672;9822.56;0.29;21000000.0
1519650267;Bitcoin;1.0;8050.68758936;9939.28;1.45;21000000.0
1519650568;Bitcoin;1.0;8129.6775216;10036.8;2.46;21000000.0
1519650869;Bitcoin;1.0;8177.7907494;10096.2;3.1;21000000.0
1519651168;Bitcoin;1.0;8222.178037;10151.0;3.67;21000000.0
1519651468;Bitcoin;1.0;8286.4910048;10230.4;4.54;21000000.0
1519651768;Bitcoin;1.0;8276.6901621;10218.3;4.46;21000000.0
1519652068;Bitcoin;1.0;8301.6377617;10249.1;4.81;21000000.0
1519652369;Bitcoin;1.0;8283.4940529;10226.7;4.57;21000000.0
1519652669;Bitcoin;1.0;8266.727322;10206.0;4.34;21000000.0
1519652968;Bitcoin;1.0;8267.537309;10207.0;4.11;21000000.0
1519653268;Bitcoin;1.0;8267.6993064;10207.2;3.73;21000000.0
1519653569;Bitcoin;1.0;8260.7334182;10198.6;2.94;21000000.0
1519653868;Bitcoin;1.0;8295.1578657;10241.1;3.01;21000000.0
1519654169;Bitcoin;1.0;8316.7035199;10267.7;2.21;21000000.0
1519654469;Bitcoin;1.0;8368.3806905;10331.5;2.17;21000000.0
1519654768;Bitcoin;1.0;8386.4434006;10353.8;1.87;21000000.0
1519655069;Bitcoin;1.0;8375.4275774;10340.2;1.42;21000000.0
1519655368;Bitcoin;1.0;8375.7515722;10340.6;1.43;21000000.0
1519655669;Bitcoin;1.0;8348.6170077;10307.1;0.82;21000000.0
1519655968;Bitcoin;1.0;8339.626152;10296.0;0.74;21000000.0
1519656268;Bitcoin;1.0;8329.2583184;10283.2;0.63;21000000.0
1519656567;Bitcoin;1.0;8322.4544276;10274.8;0.58;21000000.0
1519656867;Bitcoin;1.0;8298.7218085;10245.5;0.3;21000000.0
1519657167;Bitcoin;1.0;8307.226672;10256.0;0.34;21000000.0
1519657467;Bitcoin;1.0;8326.5853613;10279.9;0.37;21000000.0
1519657771;Bitcoin;1.0;8323.1834159;10275.7;-0.13;21000000.0
1519658069;Bitcoin;1.0;8319.1334809;10270.7;-0.25;21000000.0
1519658368;Bitcoin;1.0;8307.4696681;10256.3;-0.54;21000000.0
1519658667;Bitcoin;1.0;8318.3234939;10269.7;-0.52;21000000.0
1519658969;Bitcoin;1.0;8313.2205758;10263.4;-0.57;21000000.0
1519659569;Bitcoin;1.0;8346.2680454;10304.2;0.06;21000000.0
1519659869;Bitcoin;1.0;8347.3210285;10305.5;0.28;21000000.0
1519660168;Bitcoin;1.0;8360.2808205;10321.5;0.43;21000000.0
1519660470;Bitcoin;1.0;8345.7820532;10303.6;0.35;21000000.0
1519660768;Bitcoin;1.0;8355.015905;10315.0;0.45;21000000.0
1519661069;Bitcoin;1.0;8380.6114942;10346.6;0.8;21000000.0
1519661368;Bitcoin;1.0;8406.045086;10378.0;1.07;21000000.0
1519661667;Bitcoin;1.0;8439.1735543;10418.9;1.47;21000000.0
1519661968;Bitcoin;1.0;8442.2515049;10422.7;1.5;21000000.0
1519662268;Bitcoin;1.0;8436.9865894;10416.2;1.43;21000000.0
1519662568;Bitcoin;1.0;8406.1260847;10378.1;1.02;21000000.0
1519662868;Bitcoin;1.0;8407.5030626;10379.8;0.92;21000000.0
1519663168;Bitcoin;1.0;8377.2095488;10342.4;0.47;21000000.0
1519663468;Bitcoin;1.0;8349.8319882;10308.6;0.1;21000000.0
1519663768;Bitcoin;1.0;8342.4611065;10299.5;-0.05;21000000.0
1519664068;Bitcoin;1.0;8337.3581884;10293.2;-0.31;21000000.0
1519664369;Bitcoin;1.0;8330.3923002;10284.6;-0.55;21000000.0
1519664670;Bitcoin;1.0;8307.7126642;10256.6;-1.04;21000000.0
1519664969;Bitcoin;1.0;8296.6158423;10242.9;-1.24;21000000.0
1519665269;Bitcoin;1.0;8294.5098761;10240.3;-1.47;21000000.0
1519665569;Bitcoin;1.0;8297.0208358;10243.4;-1.43;21000000.0
1519665869;Bitcoin;1.0;8309.0896421;10258.3;-1.3;21000000.0
1519666168;Bitcoin;1.0;8310.5476187;10260.1;-1.1;21000000.0
1519666467;Bitcoin;1.0;8303.0147396;10250.8;-1.19;21000000.0
1519666770;Bitcoin;1.0;8296.5348436;10242.8;-0.88;21000000.0
1519667068;Bitcoin;1.0;8285.2760243;10228.9;-1.01;21000000.0
1519667369;Bitcoin;1.0;8298.9648046;10245.8;-0.58;21000000.0
1519667669;Bitcoin;1.0;8312.6535849;10262.7;-0.18;21000000.0
1519667969;Bitcoin;1.0;8315.0025472;10265.6;-0.04;21000000.0
1519668268;Bitcoin;1.0;8364.7316346;10284.7;0.15;21000000.0
1519668570;Bitcoin;1.0;8382.1366398;10306.1;0.5;21000000.0
1519668869;Bitcoin;1.0;8388.8058474;10314.3;0.58;21000000.0
1519669169;Bitcoin;1.0;8370.3435288;10291.6;0.4;21000000.0
1519669469;Bitcoin;1.0;8358.062427;10276.5;0.27;21000000.0
1519669768;Bitcoin;1.0;8357.8184316;10276.2;0.29;21000000.0
1519670070;Bitcoin;1.0;8357.3304408;10275.6;0.27;21000000.0
1519670369;Bitcoin;1.0;8362.0476852;10281.4;0.31;21000000.0
1519670668;Bitcoin;1.0;8354.6464914;10272.3;0.23;21000000.0
1519670968;Bitcoin;1.0;8357.4117726;10275.7;0.2;21000000.0
1519671268;Bitcoin;1.0;8368.7982246;10289.7;0.34;21000000.0
1519671568;Bitcoin;1.0;8367.1715886;10287.7;0.22;21000000.0
1519671868;Bitcoin;1.0;8381.9739762;10305.9;0.25;21000000.0
1519672170;Bitcoin;1.0;8386.6912206;10311.7;0.21;21000000.0
1519672469;Bitcoin;1.0;8387.5045386;10312.7;0.24;21000000.0
1519672768;Bitcoin;1.0;8404.5028848;10333.6;0.41;21000000.0
1519673069;Bitcoin;1.0;8406.6175116;10336.2;0.46;21000000.0
1519673369;Bitcoin;1.0;8421.3385674;10354.3;0.68;21000000.0
1519673667;Bitcoin;1.0;8405.234871;10334.5;0.54;21000000.0
1519673969;Bitcoin;1.0;8391.3271332;10317.4;0.38;21000000.0
1519674268;Bitcoin;1.0;8381.4859854;10305.3;0.25;21000000.0
1519674569;Bitcoin;1.0;8374.5727824;10296.8;0.12;21000000.0
1519674869;Bitcoin;1.0;8381.4046536;10305.2;0.19;21000000.0
1519675168;Bitcoin;1.0;8386.2032298;10311.1;0.2;21000000.0
1519675469;Bitcoin;1.0;8380.9166628;10304.6;-0.02;21000000.0
1519675769;Bitcoin;1.0;8363.9996484;10283.8;-0.3;21000000.0
1519676067;Bitcoin;1.0;8361.5596944;10280.8;-0.33;21000000.0
1519676367;Bitcoin;1.0;8356.5984546;10274.7;-0.51;21000000.0
1519676667;Bitcoin;1.0;8359.6077312;10278.4;-0.5;21000000.0
1519676968;Bitcoin;1.0;8358.5504178;10277.1;-0.49;21000000.0
1519677269;Bitcoin;1.0;8344.64268;10260.0;-0.62;21000000.0
1519677569;Bitcoin;1.0;8354.9718186;10272.7;-0.47;21000000.0
1519677867;Bitcoin;1.0;8366.0329434;10286.3;-0.32;21000000.0
1519678168;Bitcoin;1.0;8381.4046536;10305.2;-0.02;21000000.0
1519678468;Bitcoin;1.0;8384.8205892;10309.4;0.03;21000000.0
1519678768;Bitcoin;1.0;8388.561852;10314.0;0.15;21000000.0
1519679069;Bitcoin;1.0;8400.8429538;10329.1;0.34;21000000.0
1519679367;Bitcoin;1.0;8410.521438;10341.0;0.48;21000000.0
1519679669;Bitcoin;1.0;8418.8986134;10351.3;0.66;21000000.0
1519679969;Bitcoin;1.0;8456.5552368;10397.6;1.14;21000000.0
1519680268;Bitcoin;1.0;8478.6774864;10424.8;1.45;21000000.0
1519680568;Bitcoin;1.0;8489.819943;10438.5;1.59;21000000.0
1519680869;Bitcoin;1.0;8501.1250632;10452.4;1.68;21000000.0
1519681169;Bitcoin;1.0;8519.50605;10475.0;1.85;21000000.0
1519681468;Bitcoin;1.0;8516.7407688;10471.6;1.77;21000000.0
1519681768;Bitcoin;1.0;8507.4689436;10460.2;1.64;21000000.0
1519682067;Bitcoin;1.0;8503.4836854;10455.3;1.43;21000000.0
1519682368;Bitcoin;1.0;8482.1747538;10429.1;1.06;21000000.0
1519682668;Bitcoin;1.0;8485.753353;10433.5;1.05;21000000.0
1519682968;Bitcoin;1.0;8480.7107814;10427.3;0.72;21000000.0
1519683269;Bitcoin;1.0;8462.8177854;10405.3;0.24;21000000.0
1519683567;Bitcoin;1.0;8464.8510804;10407.8;0.26;21000000.0
1519683870;Bitcoin;1.0;8478.1894956;10424.2;0.01;21000000.0
1519684168;Bitcoin;1.0;8488.4373024;10436.8;0.06;21000000.0
1519684468;Bitcoin;1.0;8492.5852242;10441.9;-0.04;21000000.0
1519684768;Bitcoin;1.0;8491.2839154;10440.3;-0.13;21000000.0
1519685068;Bitcoin;1.0;8510.966211;10464.5;0.09;21000000.0
1519685368;Bitcoin;1.0;8511.1288746;10464.7;0.1;21000000.0
1519685667;Bitcoin;1.0;8504.053008;10456.0;0.02;21000000.0
1519685967;Bitcoin;1.0;8490.3892656;10439.2;-0.07;21000000.0
1519686267;Bitcoin;1.0;8492.9918832;10442.4;0.11;21000000.0
1519686568;Bitcoin;1.0;8488.8439614;10437.3;0.16;21000000.0
1519686869;Bitcoin;1.0;8480.1414588;10426.6;0.04;21000000.0
1519687168;Bitcoin;1.0;8475.0175554;10420.3;-0.05;21000000.0
1519687469;Bitcoin;1.0;8470.2189792;10414.4;-0.11;21000000.0
1519687767;Bitcoin;1.0;8477.4575094;10423.3;-0.03;21000000.0
1519688068;Bitcoin;1.0;8483.2320672;10430.4;-0.14;21000000.0
1519688369;Bitcoin;1.0;8471.3576244;10415.8;-0.3;21000000.0
1519688668;Bitcoin;1.0;8440.3702086;10377.7;-0.68;21000000.0
1519688969;Bitcoin;1.0;8434.514319;10370.5;-0.77;21000000.0
1519689268;Bitcoin;1.0;8428.2517704;10362.8;-0.83;21000000.0
1519689569;Bitcoin;1.0;8431.4237106;10366.7;-0.74;21000000.0
1519689868;Bitcoin;1.0;8441.4890362;10393.9;-0.45;21000000.0
1519690167;Bitcoin;1.0;8445.631042;10399.0;-0.36;21000000.0
1519690468;Bitcoin;1.0;8451.1537164;10405.8;-0.21;21000000.0
1519690764;Bitcoin;1.0;8435.9663618;10387.1;-0.39;21000000.0
1519691068;Bitcoin;1.0;8432.3928666;10382.7;-0.41;21000000.0
1519691367;Bitcoin;1.0;8438.8089148;10390.6;-0.3;21000000.0
1519691667;Bitcoin;1.0;8436.6160882;10387.9;-0.25;21000000.0
1519691975;Bitcoin;1.0;8449.2045372;10403.4;0.06;21000000.0
1519692268;Bitcoin;1.0;8466.4222868;10424.6;0.32;21000000.0
1519692567;Bitcoin;1.0;8482.178152;10444.0;0.55;21000000.0
1519692868;Bitcoin;1.0;8489.5687898;10453.1;0.67;21000000.0
1519693166;Bitcoin;1.0;8485.9952946;10448.7;0.68;21000000.0
1519693468;Bitcoin;1.0;8472.2698244;10431.8;0.46;21000000.0
1519693769;Bitcoin;1.0;8474.056572;10434.0;0.43;21000000.0
1519694069;Bitcoin;1.0;8467.559308;10426.0;0.35;21000000.0
1519694367;Bitcoin;1.0;8457.0824698;10413.1;0.2;21000000.0
1519694669;Bitcoin;1.0;8446.1183368;10399.6;0.08;21000000.0
1519694968;Bitcoin;1.0;8443.3569996;10396.2;-0.01;21000000.0
1519695267;Bitcoin;1.0;8427.763566;10377.0;-0.27;21000000.0
1519695570;Bitcoin;1.0;8407.6220476;10352.2;-0.62;21000000.0
1519695869;Bitcoin;1.0;8382.7700128;10321.6;-1.01;21000000.0
1519696168;Bitcoin;1.0;8354.263267;10286.5;-1.42;21000000.0
1519696468;Bitcoin;1.0;8346.8726292;10277.4;-1.5;21000000.0
1519696767;Bitcoin;1.0;8342.893055;10272.5;-1.6;21000000.0
1519697069;Bitcoin;1.0;8345.5731764;10275.8;-1.52;21000000.0
1519697368;Bitcoin;1.0;8346.547766;10277.0;-1.51;21000000.0
1519697669;Bitcoin;1.0;8329.898527;10256.5;-1.54;21000000.0
1519697968;Bitcoin;1.0;8328.68029;10255.0;-1.5;21000000.0
1519698269;Bitcoin;1.0;8322.589105;10247.5;-1.54;21000000.0
1519698569;Bitcoin;1.0;8322.9139682;10247.9;-1.31;21000000.0
1519698869;Bitcoin;1.0;8345.4107448;10275.6;-0.77;21000000.0
1519699169;Bitcoin;1.0;8353.3698932;10285.4;-0.57;21000000.0
1519699468;Bitcoin;1.0;8348.4969452;10279.4;-0.45;21000000.0
1519699769;Bitcoin;1.0;8352.4765194;10284.3;-0.13;21000000.0
1519700067;Bitcoin;1.0;8351.5019298;10283.1;-0.14;21000000.0
1519700369;Bitcoin;1.0;8349.9588296;10281.2;0.0;21000000.0
1519700667;Bitcoin;1.0;8333.8781012;10261.4;-0.13;21000000.0
1519700968;Bitcoin;1.0;8327.868132;10254.0;-0.15;21000000.0
1519701269;Bitcoin;1.0;8321.4520838;10246.1;-0.14;21000000.0
1519701569;Bitcoin;1.0;8334.365396;10262.0;-0.0;21000000.0
1519701870;Bitcoin;1.0;8352.638951;10284.5;0.23;21000000.0
1519702169;Bitcoin;1.0;8370.912506;10307.0;0.42;21000000.0
1519702467;Bitcoin;1.0;8381.6329916;10320.2;0.54;21000000.0
1519702766;Bitcoin;1.0;8395.277246;10337.0;0.65;21000000.0
1519703068;Bitcoin;1.0;8408.5154214;10353.3;0.75;21000000.0
1519703370;Bitcoin;1.0;8403.8861208;10347.6;0.67;21000000.0
1519703668;Bitcoin;1.0;8411.114327;10356.5;0.79;21000000.0
1519703969;Bitcoin;1.0;8405.9977316;10350.2;0.8;21000000.0
1519704269;Bitcoin;1.0;8413.3071536;10359.2;0.89;21000000.0
1519704568;Bitcoin;1.0;8401.0435678;10344.1;0.81;21000000.0
1519704869;Bitcoin;1.0;8408.8402846;10353.7;0.81;21000000.0
1519705167;Bitcoin;1.0;8426.3828974;10375.3;0.96;21000000.0
1519705468;Bitcoin;1.0;8434.9105564;10385.8;0.96;21000000.0
1519705768;Bitcoin;1.0;8439.6210728;10391.6;0.88;21000000.0
1519706069;Bitcoin;1.0;8434.5856932;10385.4;0.73;21000000.0
1519706367;Bitcoin;1.0;8428.4132924;10377.8;0.51;21000000.0
1519706669;Bitcoin;1.0;8426.0580342;10374.9;0.35;21000000.0
1519706968;Bitcoin;1.0;8423.4591286;10371.7;0.22;21000000.0
1519707268;Bitcoin;1.0;8421.672381;10369.5;0.17;21000000.0
1519707568;Bitcoin;1.0;8426.13925;10375.0;0.22;21000000.0
1519707869;Bitcoin;1.0;8419.1546912;10366.4;0.11;21000000.0
1519708169;Bitcoin;1.0;8414.4441748;10360.6;-0.01;21000000.0
1519708469;Bitcoin;1.0;8386.0998606;10325.7;-0.39;21000000.0
1519708768;Bitcoin;1.0;8381.7142074;10320.3;-0.46;21000000.0
1519709068;Bitcoin;1.0;8382.282718;10321.0;-0.5;21000000.0
1519709368;Bitcoin;1.0;8386.6683712;10326.4;-0.5;21000000.0
1519709668;Bitcoin;1.0;8397.0639936;10339.2;-0.4;21000000.0
1519709968;Bitcoin;1.0;8413.8756642;10359.9;-0.19;21000000.0
1519710266;Bitcoin;1.0;8430.8497664;10380.8;0.02;21000000.0
1519710590;Bitcoin;1.0;8429.0630188;10378.6;0.06;21000000.0
1519710865;Bitcoin;1.0;8429.387882;10379.0;0.06;21000000.0
1519711168;Bitcoin;1.0;8415.6803536;10371.7;0.02;21000000.0
1519711469;Bitcoin;1.0;8422.9018848;10380.6;0.27;21000000.0
1519711767;Bitcoin;1.0;8430.8536832;10390.4;0.36;21000000.0
1519712068;Bitcoin;1.0;8429.0685856;10388.2;0.44;21000000.0
1519712369;Bitcoin;1.0;8428.8251632;10387.9;0.49;21000000.0
1519712668;Bitcoin;1.0;8409.3513712;10363.9;0.27;21000000.0
1519712968;Bitcoin;1.0;8394.1780416;10345.2;0.06;21000000.0
1519713267;Bitcoin;1.0;8395.8819984;10347.3;0.06;21000000.0
1519713569;Bitcoin;1.0;8396.5311248;10348.1;-0.12;21000000.0
1519713867;Bitcoin;1.0;8405.7000352;10359.4;-0.01;21000000.0
1519714167;Bitcoin;1.0;8401.3995728;10354.1;-0.14;21000000.0
1519714469;Bitcoin;1.0;8407.9719776;10362.2;-0.17;21000000.0
1519714767;Bitcoin;1.0;8408.2154;10362.5;-0.17;21000000.0
1519715068;Bitcoin;1.0;8424.7681232;10382.9;0.01;21000000.0
1519715368;Bitcoin;1.0;8429.0685856;10388.2;0.07;21000000.0
1519715666;Bitcoin;1.0;8431.5028096;10391.2;0.1;21000000.0
1519715967;Bitcoin;1.0;8431.1782464;10390.8;0.18;21000000.0
1519716269;Bitcoin;1.0;8427.283488;10386.0;0.22;21000000.0
1519716568;Bitcoin;1.0;8425.8229536;10384.2;0.21;21000000.0
1519716869;Bitcoin;1.0;8429.0685856;10388.2;0.29;21000000.0
1519717169;Bitcoin;1.0;8438.7243408;10400.1;0.46;21000000.0
1519717469;Bitcoin;1.0;8433.0444848;10393.1;0.36;21000000.0
1519717768;Bitcoin;1.0;8452.437136;10417.0;0.54;21000000.0
1519718068;Bitcoin;1.0;8509.1545552;10486.9;1.17;21000000.0
1519718368;Bitcoin;1.0;8609.7691472;10610.9;2.29;21000000.0
1519718667;Bitcoin;1.0;8649.2847168;10659.6;2.73;21000000.0
1519718967;Bitcoin;1.0;8677.9274192;10694.9;3.04;21000000.0
1519719266;Bitcoin;1.0;8678.819968;10696.0;3.01;21000000.0
1519719569;Bitcoin;1.0;8705.5152912;10728.9;3.28;21000000.0
1519719868;Bitcoin;1.0;8696.1029584;10717.3;3.17;21000000.0
1519720166;Bitcoin;1.0;8706.7324032;10730.4;3.28;21000000.0
1519720467;Bitcoin;1.0;8699.510872;10721.5;3.19;21000000.0
1519720768;Bitcoin;1.0;8721.5000288;10748.6;3.27;21000000.0
1519721068;Bitcoin;1.0;8729.0461232;10757.9;3.04;21000000.0
1519721368;Bitcoin;1.0;8728.315856;10757.0;2.65;21000000.0
1519721668;Bitcoin;1.0;8732.6974592;10762.4;2.27;21000000.0
1519721969;Bitcoin;1.0;8726.3684768;10754.6;1.79;21000000.0
1519722268;Bitcoin;1.0;8712.9802448;10738.1;1.36;21000000.0
1519722567;Bitcoin;1.0;8718.4166784;10744.8;0.93;21000000.0
1519722868;Bitcoin;1.0;8706.1644176;10729.7;0.36;21000000.0
1519723168;Bitcoin;1.0;8713.4670896;10738.7;0.22;21000000.0
1519723468;Bitcoin;1.0;8709.0854864;10733.3;0.09;21000000.0
1519723767;Bitcoin;1.0;8720.1206352;10746.9;0.16;21000000.0
1519724068;Bitcoin;1.0;8715.1710464;10740.8;0.03;21000000.0
1519724370;Bitcoin;1.0;8744.7874384;10777.3;0.29;21000000.0
1519724668;Bitcoin;1.0;8745.0308608;10777.6;0.26;21000000.0
1519724969;Bitcoin;1.0;8757.2019808;10792.6;0.37;21000000.0
1519725267;Bitcoin;1.0;8746.0856912;10778.9;0.25;21000000.0
1519725568;Bitcoin;1.0;8751.7655472;10785.9;0.34;21000000.0
1519725867;Bitcoin;1.0;8740.0001312;10771.4;0.22;21000000.0
1519726167;Bitcoin;1.0;8738.2961744;10769.3;0.23;21000000.0
1519726470;Bitcoin;1.0;8736.1053728;10766.6;0.26;21000000.0
1519726769;Bitcoin;1.0;8736.83564;10767.5;0.26;21000000.0
1519727067;Bitcoin;1.0;8735.3751056;10765.7;0.25;21000000.0
1519727369;Bitcoin;1.0;8733.8334304;10763.8;0.11;21000000.0
1519727667;Bitcoin;1.0;8707.1381072;10730.9;-0.2;21000000.0
1519727966;Bitcoin;1.0;8702.8376448;10725.6;-0.33;21000000.0
1519728268;Bitcoin;1.0;8683.282712;10701.5;-0.69;21000000.0
1519728568;Bitcoin;1.0;8689.6116944;10709.3;-0.61;21000000.0
1519728868;Bitcoin;1.0;8689.5305536;10709.2;-0.65;21000000.0
1519729167;Bitcoin;1.0;8680.7673472;10698.4;-0.75;21000000.0
